,number_parameters,training_time,validation_time,testing_time,checkpoint_size,mean_validation_loss,cumulative_validation_loss,validation_mse,validation_nrmse_mean,validation_nrmse_range,validation_nrmse_std,mean_test_loss,cumulative_test_loss,test_mse,test_nrmse_mean,test_nrmse_range,test_nrmse_std,input_dropout_probability,hidden_dropout_probability,output_dropout_probability,hidden_layer_nodes_1,hidden_layer_nodes_2,hidden_layer_nodes_3,learning_rate,beta1,beta2,w_decay,activation,trial_index
0,30207,3.647582260767619,1.6204639752705892,1.6097424387931825,377651.0,14.629523277282715,2506.569580078125,446.7408447265625,0.652096152305603,0.20756204426288605,0.6562910676002502,14.969816207885742,3186.619384765625,457.5108337402344,0.6251118779182434,0.20750592648983002,0.6406460404396057,0.13939250446856022,0.29179016780108213,0.36304474622011185,185,70,32,0.007883087172975,0.9591311473866608,0.9267279447398626,0.54860832831763,relu,0
0,108723,3.6852811058362325,1.598559017976125,1.5962287108103435,1324275.0,32.51662063598633,5534.90087890625,2207.190673828125,1.4175937175750732,0.45733872056007385,1.4391387701034546,33.71624755859375,7178.12939453125,2318.640625,1.4048058986663818,0.4713199734687805,1.447542428970337,0.662033773958683,0.8317615948617458,0.4076535301283002,246,200,197,3.9192751147735946e-07,0.6603624995002662,0.5569764624797351,0.6741745665307209,swish,1
0,94789,3.6704004923502604,1.5853152354558309,1.6095051368077595,1155699.0,32.61013412475586,5550.89404296875,2213.57568359375,1.419803500175476,0.4580457806587219,1.441370964050293,33.80938720703125,7197.97119140625,2325.253662109375,1.4069037437438965,0.4720173478126526,1.4496958255767822,0.20678980089724064,0.7646856242790818,0.8442398048937321,266,228,55,1.189565164810625e-08,0.7537239698700319,0.6743977212786377,0.3136275518987791,relu,2
0,76108,3.585116084416707,1.5765372117360432,1.5770943562189739,931571.0,18.74852180480957,3204.97216796875,831.5964965820312,0.8611469864845276,0.27733346819877625,0.8720132112503052,19.396581649780273,4129.64892578125,870.9183959960938,0.8503237962722778,0.2846093773841858,0.8741267323493958,0.9467005282640457,0.8049359079450369,0.6195737877860665,224,155,149,0.0037383676993812606,0.7427789428563307,0.5427868351501852,0.30335826123386195,leaky_relu,3
0,60942,3.5802213271458943,1.591271710395813,1.5853328545888266,748851.0,15.799689292907715,2704.312744140625,548.1063232421875,0.7075479626655579,0.22678393125534058,0.7144701480865479,16.345928192138672,3479.69775390625,570.2389526367188,0.6912757158279419,0.23052266240119934,0.7093335390090942,0.8069810466840863,0.5380580276250839,0.323952822946012,273,113,70,0.01925142345245946,0.5184898070126978,0.9031888594083334,0.19030098519908142,swish,4
0,64238,3.552025643984477,1.5837761203447978,1.591849184036255,788339.0,32.42177963256836,5518.68212890625,2200.6142578125,1.4153205156326294,0.4566108286380768,1.436840534210205,33.62168502807617,7157.994140625,2311.820068359375,1.402642846107483,0.47060078382492065,1.445320963859558,0.8946209102869034,0.2788225896656513,0.1027371259406209,226,146,88,2.466032721541651e-08,0.9833970971039142,0.2888671748775307,0.5686129628630027,relu,5
0,21168,3.567912677923838,1.5829737623532614,1.5998895406723022,268403.0,19.383649826049805,3314.289794921875,853.0123901367188,0.8738614916801453,0.28123947978019714,0.8842365741729736,19.96428871154785,4250.46728515625,891.7222900390625,0.8607273101806641,0.2879102826118469,0.8843876719474792,0.6032250262796879,0.7773642288520932,0.07404219638556242,106,103,16,0.21667126841641798,0.8675250729947063,0.5833271147065636,0.8705951344706637,relu,6
0,45260,3.575148280461629,1.581396484375,1.5790697415669759,559155.0,29.53908348083496,5048.33251953125,1193.0755615234375,1.0997787714004517,0.3464377820491791,1.0954928398132324,30.021148681640625,6393.66064453125,1214.956787109375,1.0481374263763428,0.3453725278377533,1.0645883083343506,0.18806657940149307,0.4528248393908143,0.7160755507647991,211,131,4,0.39410944208187654,0.5770181325347646,0.10921047096151375,0.669848701737406,leaky_relu,7
0,180676,3.5769513924916585,1.5866333484649657,1.5850520531336467,2189555.0,17.050256729125977,2915.71240234375,666.3551025390625,0.7738403081893921,0.24868200719356537,0.782524049282074,17.600107192993164,3747.058837890625,695.4535522460938,0.7604401111602783,0.25413092970848083,0.7810933589935303,0.7302408311516047,0.928478566929698,0.5155602255836129,300,298,224,8.217364247166853e-05,0.9320388853302125,0.4666525753453973,0.5453505787480089,leaky_relu,8
0,96214,3.5700028419494627,1.5845106442769368,1.5973102847735088,1172979.0,16.76551055908203,2867.47216796875,642.9700927734375,0.7607818245887756,0.24438953399658203,0.7691601514816284,17.33008575439453,3689.451416015625,671.2872924804688,0.7472240924835205,0.24964934587478638,0.7674588561058044,0.05043945927172899,0.20413544680923223,0.4809920210391283,269,210,85,0.00018138450444712842,0.3476818840438872,0.6452790788324243,0.837467638782933,relu,9
0,73570,3.5994500517845154,1.5972216765085856,1.5889474113782247,900659.0,32.51862335205078,5535.24365234375,2207.282470703125,1.4176268577575684,0.45734909176826477,1.439171552658081,33.718204498291016,7178.55029296875,2318.732666015625,1.404835820198059,0.4713298976421356,1.447572946548462,0.15420857816934586,0.9789577377960086,0.20117399096488953,241,177,64,2.7073372661865355e-06,0.8110055979503064,0.36307513589169027,0.4658704800510348,swish,10
0,66840,3.5640701095263165,1.573041303952535,1.578545129299164,819315.0,32.396358489990234,5514.33203125,2199.001708984375,1.414758563041687,0.45643097162246704,1.4362730979919434,33.59635543823242,7152.595703125,2310.151123046875,1.4021103382110596,0.47042402625083923,1.4447743892669678,0.389142663218081,0.3010658184066415,0.047443228773772717,200,163,110,6.385183053788919e-08,0.12852588431879222,0.6967390083527436,0.36031029944419635,sigmoid,11
0,70784,3.561484094460805,1.5922668774922688,1.5953285217285156,866931.0,14.982172012329102,2564.538330078125,477.1382141113281,0.6666223406791687,0.21288703382015228,0.6719070672988892,15.447230339050293,3288.244873046875,493.8152160644531,0.6458596587181091,0.21492493152618408,0.6623475551605225,0.4560821959748864,0.7671210197731853,0.5349982371553779,249,135,125,0.0016678096458750025,0.3445495836272927,0.8944088335356986,0.500079533672367,relu,12
0,57670,3.5696813225746156,1.591662081082662,1.5867249011993407,709107.0,30.70511817932129,5225.46435546875,2078.171142578125,1.3724334239959717,0.44286710023880005,1.3934563398361206,31.91277313232422,6793.95556640625,2184.78759765625,1.361771821975708,0.4570065438747406,1.40333092212677,0.3723508454859257,0.04194319900125265,0.7513397010043263,296,102,34,1.2007102264437279e-05,0.8093040816836735,0.2695409681436582,0.12942839563849676,sigmoid,13
0,94802,3.621703521410624,1.7230911413828531,1.7231900970141092,1156659.0,28.11174774169922,4784.28125,1819.3140869140625,1.2790589332580566,0.4128734767436981,1.298689603805542,29.23056411743164,6222.94677734375,1915.13916015625,1.2716172933578491,0.4268932640552521,1.3104119300842285,0.22166671697050333,0.34345544409006834,0.9800208425149322,232,193,161,0.0006227642308544878,0.21838922611210637,0.4012996020776738,0.7383287233042117,sigmoid,14
0,95959,3.8206592361132303,1.6895927667617798,10.123593207200368,1169907.0,13.877086639404297,2377.9375,391.99725341796875,0.6184181571006775,0.19597813487052917,0.6211739182472229,14.069169044494629,2994.97119140625,399.77423095703125,0.5892384648323059,0.19501248002052307,0.6033328771591187,0.6453247619792819,0.25293816439807415,0.2914013620465994,290,236,17,0.00204950502392217,0.12540884064218097,0.5189864062716228,0.2572678199388159,relu,15
