,trial_index,arm_name,trial_status,generation_method,generation_node,mean_validation_loss,cumulative_validation_loss,mean_test_loss,cumulative_test_loss,testing_time,validation_time,validation_mse,validation_nrmse_mean,validation_nrmse_range,validation_nrmse_std,test_mse,test_nrmse_mean,test_nrmse_std,number_parameters,training_time,checkpoint_size,test_nrmse_range,input_dropout_probability,hidden_dropout_probability,output_dropout_probability,hidden_layer_nodes_1,hidden_layer_nodes_2,hidden_layer_nodes_3,learning_rate,beta1,beta2,w_decay,activation
0,0,0_0,COMPLETED,Uniform,GenerationStep_0,28.516027450561523,4851.7353515625,29.696096420288086,6322.05029296875,1.7196250240008035,1.7788824319839478,1859.41845703125,1.2944499254226685,0.4176672399044037,1.3141603469848633,1956.107666015625,1.286213755607605,1.3254034519195557,79550.0,3.8477582653363545,972339.0,0.43169668316841125,0.6689855199830457,0.9218263768140029,0.516320965678743,241,204,53,1.7194075095311268e-05,0.8855148054477118,0.4129213452687591,0.1493330914538503,relu
1,1,1_0,ABANDONED,Uniform,GenerationStep_0,,,,,,,,,,,,,,,,,,0.7220686889995319,0.08435795233009569,0.8225432045020674,204,187,96,0.20795089423073498,0.9844400434349794,0.6151056390771411,0.3597696564307848,leaky_relu
2,2,2_0,COMPLETED,Uniform,GenerationStep_0,31.43705177307129,5350.32763671875,32.6422004699707,6949.33740234375,1.7122727394104005,1.7281358003616334,2132.578369140625,1.391601324081421,0.44901344180107117,1.4128577709197998,2241.268798828125,1.3800660371780396,1.4221343994140625,50315.0,3.935099784533183,620595.0,0.46309521794319153,0.625015861387944,0.38653213336482406,0.128555466586185,273,84,62,0.05263273063380447,0.8149628784097044,0.7403478247476113,0.7859517062900334,swish
3,3,3_0,COMPLETED,Uniform,GenerationStep_0,31.14468765258789,5300.4091796875,32.35113525390625,6887.33251953125,1.7263718287150065,1.7371267000834147,2111.186279296875,1.3840911388397217,0.44660478830337524,1.4052562713623047,2219.06396484375,1.3728982210159302,1.4147685766220093,170434.0,3.9126573244730634,2066355.0,0.46070975065231323,0.17945157676200574,0.015269023785011715,0.7386607377489522,298,282,220,0.10687773733438183,0.7483673202747947,0.3293301000199034,0.7100699098735952,swish
4,4,4_0,COMPLETED,Uniform,GenerationStep_0,25.975339889526367,4428.1083984375,27.020832061767578,5752.66650390625,1.720680058002472,1.725272818406423,1405.8997802734375,1.1257494688034058,0.36282065510749817,1.1407697200775146,1478.9337158203125,1.1163300275802612,1.1485188007354736,81636.0,3.9111742973327637,997491.0,0.3742165267467499,0.82575475139569,0.8815238091899795,0.41822262234520546,207,186,141,7.19483351599406e-05,0.147542051216968,0.5377889748144005,0.09712331291678072,sigmoid
5,5,5_0,COMPLETED,Uniform,GenerationStep_0,16.349925994873047,2796.75537109375,16.88494110107422,3594.579833984375,1.7384589831034343,1.737604808807373,598.0490112304688,0.7367923855781555,0.2363845556974411,0.7443433403968811,621.7020874023438,0.7208495140075684,0.7399158477783203,16760.0,3.8758183240890505,215475.0,0.24055272340774536,0.6880332550880883,0.4749893115366367,0.6411808603953063,82,74,54,0.0033687301331502264,0.3202488516810199,0.12505307049949557,0.7105413832651626,leaky_relu
6,6,6_0,COMPLETED,Uniform,GenerationStep_0,16.069581985473633,2743.308349609375,16.72209930419922,3560.471923828125,1.723500339190165,1.7398750901222229,612.5723876953125,0.73964524269104,0.23783130943775177,0.7486112117767334,642.7203369140625,0.7314895987510681,0.7521601915359497,90684.0,3.898685864607493,1106739.0,0.2448563128709793,0.4366130568974479,0.36940724486848553,0.8737311245494328,297,168,99,0.020523883371175368,0.942664843011654,0.7773989462446372,0.30038482502342556,relu
7,7,7_0,COMPLETED,Uniform,GenerationStep_0,30.26802635192871,5151.06494140625,31.473556518554688,6700.41650390625,1.7319642186164856,1.7444560845692954,2043.0755615234375,1.359977126121521,0.4388693869113922,1.38083815574646,2148.32177734375,1.3498539924621582,1.3910738229751587,20030.0,3.878348402182261,254899.0,0.4530368149280548,0.228940650365955,0.7733456076955816,0.9604823862515957,122,64,36,6.803608577970293e-05,0.3418824124485518,0.483800113826914,0.2437616593035287,sigmoid
8,8,8_0,COMPLETED,Uniform,GenerationStep_0,32.57093811035156,5544.19287109375,33.77037048339844,7189.66015625,1.7318419575691224,1.7483166456222534,2210.7841796875,1.418840765953064,0.45773744583129883,1.44039785861969,2322.35791015625,1.405988097190857,1.448754072189331,160736.0,3.9374053438504535,1949811.0,0.47171229124069214,0.9783409513517419,0.3060558941511231,0.7163767708505909,294,267,218,7.488456922709603e-08,0.9472373106165951,0.3858614857760556,0.37160894842155034,relu
9,9,9_0,COMPLETED,Uniform,GenerationStep_0,16.06191062927246,2747.43896484375,16.554887771606445,3524.236083984375,1.7224603096644084,1.7357597947120667,566.2981567382812,0.7191154360771179,0.23038819432258606,0.7259113192558289,589.4415283203125,0.7026979923248291,0.7210502028465271,95301.0,3.9081676403681436,1161971.0,0.23440901935100555,0.6151580424691312,0.1175931665179274,0.29681642568843003,288,216,45,0.013894626192093628,0.24180567608258555,0.267555439481013,0.5846555491760741,relu
10,10,10_0,COMPLETED,Uniform,GenerationStep_0,14.808869361877441,2534.104736328125,15.308502197265625,3258.834228515625,1.7371672828992208,1.7292231917381287,474.5051574707031,0.6628587245941162,0.21203190088272095,0.6688042879104614,492.1133117675781,0.6446962356567383,0.6614184975624084,100168.0,3.9010053594907124,1220403.0,0.21468448638916016,0.7948576703001848,0.06234283850673772,0.47478779437508933,298,202,78,0.0023509727674017548,0.6228654261461162,0.1689251029849615,0.186664589393452,swish
11,11,11_0,COMPLETED,Uniform,GenerationStep_0,26.518047332763672,4516.87548828125,27.57389259338379,5870.2490234375,1.7103735168774923,1.7261733412742615,1555.2261962890625,1.1810834407806396,0.38114163279533386,1.1983836889266968,1637.7030029296875,1.1739965677261353,1.2090575695037842,115839.0,3.9062697609265644,1409395.0,0.39396360516548157,0.49842654538323594,0.3472551897733296,0.7387585189050047,269,256,98,0.00019673643505119213,0.4148788712149283,0.8072222494461956,0.7582664211002182,sigmoid
12,12,12_0,COMPLETED,Uniform,GenerationStep_0,32.30023956298828,5497.89453125,33.500614166259766,7132.19921875,1.7257609804471334,1.7300636967023213,2192.457275390625,1.412489414215088,0.45570454001426697,1.4339795112609863,2303.3671875,1.3999522924423218,1.4425591230392456,46671.0,3.9037114421526593,576819.0,0.46970656514167786,0.18059947435453394,0.2381053938029366,0.7664443988406114,243,86,70,9.279112793355368e-06,0.2586725833696741,0.24943367993572746,0.11609682213070002,swish
13,13,13_0,COMPLETED,Uniform,GenerationStep_0,32.434120178222656,5520.79443359375,33.63399887084961,7160.6123046875,1.7341621239980063,1.7333018819491068,2201.683349609375,1.4156843423843384,0.45672786235809326,1.4372098445892334,2312.930908203125,1.4029911756515503,1.4456799030303955,20976.0,3.9101627349853514,266227.0,0.47071710228919983,0.029321531430664627,0.9681349481499606,0.6763795562100566,107,96,21,1.4813557818039552e-07,0.43346397128432723,0.7350628774660356,0.900868696845196,relu
14,14,14_0,COMPLETED,Uniform,GenerationStep_0,23.511857986450195,4005.673583984375,24.56220245361328,5229.2177734375,1.7227973143259685,1.7270018935203553,1361.4609375,1.1003518104553223,0.3552951514720917,1.1169590950012207,1433.6715087890625,1.0953660011291504,1.128301739692688,120478.0,3.9014919916788737,1465651.0,0.36764538288116455,0.8655339605045635,0.369331451086085,0.4321013223781337,299,208,163,3.968765529379453e-05,0.8043511029494851,0.8468995658525953,0.6109809957418558,leaky_relu
15,15,15_0,COMPLETED,Uniform,GenerationStep_0,32.408966064453125,5516.4892578125,33.60890579223633,7155.2685546875,1.7255680203437804,1.7300868233044941,2199.878662109375,1.4150627851486206,0.4565284848213196,1.4365803003311157,2311.057373046875,1.4023984670639038,1.445070743560791,86361.0,3.884696559111277,1054387.0,0.4705200493335724,0.819673293655235,0.9832033709113784,0.8018101531649714,220,208,109,4.299116668856426e-06,0.25709079581101035,0.11718124294625426,0.7213834192298262,relu
16,16,16_0,COMPLETED,Uniform,GenerationStep_0,32.64968490600586,5557.658203125,33.84888458251953,7206.38671875,1.7240031162897747,1.7336652716000875,2216.0810546875,1.4206713438034058,0.4583231508731842,1.4422470331192017,2327.849365234375,1.4077283143997192,1.4505412578582764,54640.0,3.923825192451477,672243.0,0.47229060530662537,0.25434685392724743,0.1743412120886395,0.6533490619397954,248,119,42,9.577862520604371e-07,0.4705929439009128,0.1942082017255669,0.15288469588496462,swish
17,17,17_0,COMPLETED,Uniform,GenerationStep_0,32.44373321533203,5522.43505859375,33.64356994628906,7162.6513671875,1.7389922976493835,1.722464875380198,2202.20947265625,1.4158689975738525,0.4567863643169403,1.437395453453064,2313.482666015625,1.403166651725769,1.4458597898483276,63220.0,3.8913076519966125,775667.0,0.470775306224823,0.8808631223695503,0.6387497769262489,0.6303707858195471,271,123,64,2.0944133922863978e-07,0.4053728141624203,0.6191610845668046,0.23557440727882933,leaky_relu
18,18,18_0,COMPLETED,Uniform,GenerationStep_0,26.358871459960938,4489.271484375,27.41278839111328,5835.921875,1.7380746444066366,1.7241264263788858,1563.3175048828125,1.1834609508514404,0.38197943568229675,1.2010297775268555,1646.3721923828125,1.176817774772644,1.2121398448944092,118650.0,3.974243112405141,1443827.0,0.3949691355228424,0.9370871133264064,0.8583779883028366,0.3172329024592323,240,220,210,0.00045191006444603464,0.5007531420857029,0.27879027978360715,0.632222652428579,leaky_relu
19,19,19_0,COMPLETED,Uniform,GenerationStep_0,12.761377334594727,2183.15576171875,13.035682678222656,2775.3349609375,1.7691208799680074,1.7602033933003745,353.1207275390625,0.581662654876709,0.18446330726146698,0.5846832394599915,363.01214599609375,0.5589033365249634,0.5732650756835938,65170.0,3.9715755224227904,798963.0,0.18542301654815674,0.29186650169203543,0.5970525557412233,0.10706227254699285,243,169,26,0.0013755654391035598,0.7672146442868925,0.2616199856931679,0.20515446693560657,leaky_relu
20,20,20_0,COMPLETED,Uniform,GenerationStep_0,32.445823669433594,5522.79443359375,33.64564895629883,7163.09765625,1.7256513039271038,1.7470200896263122,2202.3857421875,1.4159307479858398,0.4568064510822296,1.4374570846557617,2313.656982421875,1.403224229812622,1.4459177255630493,45834.0,3.9241238395373026,566067.0,0.47079432010650635,0.7800958979444408,0.7977046048677668,0.4131779406818258,243,105,6,2.3213073212493346e-06,0.3850181564499776,0.7655121810500461,0.18022926738087813,swish
21,21,21_0,COMPLETED,Uniform,GenerationStep_0,32.22505569458008,5485.0361328125,33.425743103027344,7116.25048828125,1.7260448455810546,1.7384193857510886,2187.358154296875,1.4107190370559692,0.45513778924942017,1.43218994140625,2298.08251953125,1.3982685804367065,1.440831184387207,20261.0,3.8978743592898053,257523.0,0.4691474735736847,0.41445341298700367,0.30996864691510573,0.38809652354324975,136,58,23,2.8713565907784488e-05,0.3389324949533457,0.7496356788884493,0.703765404739617,leaky_relu
22,22,22_0,COMPLETED,Uniform,GenerationStep_0,32.59272003173828,5547.9169921875,33.79209518432617,7194.2861328125,1.713980209827423,1.740856393178304,2212.294921875,1.4193615913391113,0.45790407061576843,1.4409236907958984,2323.9267578125,1.4064842462539673,1.4492642879486084,63330.0,3.9094937682151794,776883.0,0.47187742590904236,0.05637330429272003,0.6315133307199915,0.9529915464661972,221,165,54,3.0966805970918804e-06,0.5370033478421546,0.9566640230779879,0.8250173240687853,swish
23,23,23_0,COMPLETED,Uniform,GenerationStep_0,18.68863296508789,3191.3134765625,19.38491439819336,4126.92236328125,1.7333206137021382,1.6950455069541932,829.495361328125,0.8588699102401733,0.2766569256782532,0.8697741031646729,869.8897705078125,0.8510963916778564,0.8748648166656494,55019.0,3.8933446486790975,677299.0,0.2849973738193512,0.6836757494519156,0.73178056763754,0.2826366171264799,267,96,80,0.03269204844260241,0.4356660599264677,0.2791954360908846,0.635969701614867,leaky_relu
24,24,24_0,COMPLETED,Uniform,GenerationStep_0,17.287799835205078,2955.468017578125,17.847009658813477,3799.712158203125,1.7250378688176473,1.7231507897377014,698.353759765625,0.7911361455917358,0.2544252276420593,0.8004012703895569,728.8980712890625,0.7779879570007324,0.799353837966919,104732.0,3.9176504254341125,1275635.0,0.26007896661758423,0.514144537254643,0.052221020519539474,0.7076968695164844,262,233,96,7.404868329427647e-05,0.8704257849997045,0.4738171539050523,0.7033088912223373,relu
25,25,25_0,COMPLETED,Uniform,GenerationStep_0,32.446311950683594,5522.8740234375,33.646183013916016,7163.2080078125,1.7307242512702943,1.7242779930432637,2202.400146484375,1.4159353971481323,0.4568076431751251,1.4374628067016602,2313.6708984375,1.4032278060913086,1.4459218978881836,109068.0,3.9332773526509603,1327731.0,0.4707954227924347,0.564335146660497,0.7270009212038502,0.07492399922169435,264,251,85,2.429443897117625e-08,0.18412064319881605,0.9705182215293877,0.6053762715760704,relu
26,26,26_0,COMPLETED,Uniform,GenerationStep_0,29.190776824951172,4967.77099609375,30.34801483154297,6460.78857421875,1.7229130427042643,1.7318433801333109,1941.3780517578125,1.323359489440918,0.4270419478416443,1.343625545501709,2042.9710693359375,1.3145793676376343,1.3548061847686768,41460.0,3.8678430676460267,513587.0,0.4412839114665985,0.3681806017640422,0.3439658696492295,0.9054686763265061,254,69,48,0.2691107504994923,0.41009836834755686,0.20671379799965317,0.5212102535000267,leaky_relu
27,27,27_0,COMPLETED,Uniform,GenerationStep_0,32.385948181152344,5512.55322265625,33.586036682128906,7150.39404296875,1.7336841543515524,1.7544936299324037,2198.326904296875,1.4145238399505615,0.4563561975955963,1.4360359907150269,2309.451416015625,1.4018874168395996,1.4445457458496094,34884.0,3.8899941086769103,434163.0,0.47035011649131775,0.25115711863212586,0.44637890723003115,0.8529101503888284,140,123,51,6.784408877015158e-07,0.32399672487075815,0.9900251918018592,0.6546515317941246,swish
28,28,28_0,COMPLETED,Uniform,GenerationStep_0,27.137279510498047,4619.82568359375,28.20265769958496,6004.083984375,1.7159074942270915,1.7336777091026305,1672.9744873046875,1.2249864339828491,0.39543232321739197,1.243512749671936,1761.7930908203125,1.2182409763336182,1.2551240921020508,44752.0,3.907732379436493,553011.0,0.40894532203674316,0.10214906626092135,0.8898661300226348,0.9106739838460982,201,111,55,0.02344717614734778,0.7319346599404228,0.2496288612291416,0.6478626901972429,sigmoid
29,29,29_0,COMPLETED,Uniform,GenerationStep_0,32.504859924316406,5532.890625,33.70442199707031,7175.61279296875,1.7251507918039957,1.723115825653076,2206.43798828125,1.4173306226730347,0.4572546184062958,1.4388731718063354,2317.85986328125,1.404556393623352,1.4472860097885132,68368.0,3.8975458184878033,837363.0,0.4712371230125427,0.5485756577682331,0.8356718601575089,0.9650564868094555,215,207,31,2.844993443050841e-08,0.6156329212752946,0.1873301722722345,0.1481333293626633,relu
30,30,30_0,COMPLETED,Uniform,GenerationStep_0,26.388092041015625,4495.416015625,27.441038131713867,5841.9912109375,1.7149060368537903,1.7156940380732217,1525.825439453125,1.170117974281311,0.3775443732738495,1.1870454549789429,1606.588134765625,1.1627731323242188,1.1973270177841187,39882.0,3.8686378161112467,494451.0,0.3901434540748596,0.7023909536704884,0.12019860374548974,0.037801301009495636,294,53,9,0.003420299735505748,0.7771166672045572,0.6268211895565248,0.1415573760513329,sigmoid
31,31,31_0,COMPLETED,Uniform,GenerationStep_0,32.54513168334961,5539.77880859375,33.744590759277344,7184.16943359375,1.7226908842722575,1.737046202023824,2209.046142578125,1.4182381629943848,0.4575446546077728,1.4397891759872437,2320.55859375,1.4054157733917236,1.4481674432754517,47294.0,3.9047998150189716,583923.0,0.4715225398540497,0.5913185253920238,0.0940679618850182,0.5931071348359328,261,93,20,8.391359345970571e-07,0.19314085395074487,0.5019417653273923,0.6537715072800643,swish
32,32,32_0,COMPLETED,Uniform,GenerationStep_0,32.06193923950195,5457.13525390625,33.263389587402344,7081.6708984375,1.7282697558403015,1.733027958869934,2176.209716796875,1.406843900680542,0.4538966715335846,1.4282724857330322,2286.5234375,1.3945814371109009,1.4370445013046265,67046.0,3.877405250072479,821427.0,0.46792206168174744,0.299254082804456,0.20104320888125882,0.8459709315554965,191,180,95,1.7515914108917105e-05,0.8845975504113758,0.3382712797333861,0.4403529796918668,relu
33,33,33_0,COMPLETED,Uniform,GenerationStep_0,31.365880966186523,5338.17333984375,32.571449279785156,6934.26416015625,1.7258273005485534,1.729408033688863,2127.470458984375,1.3898087739944458,0.44843900203704834,1.4110443592071533,2235.9677734375,1.37835693359375,1.4203786849975586,42332.0,3.8917970697085065,524019.0,0.4625268280506134,0.5259841279618411,0.7042159089023554,0.9459702852472872,270,70,22,0.005571005045137677,0.6457748436424811,0.5815374103906732,0.7269824099473084,swish
34,34,34_0,COMPLETED,Uniform,GenerationStep_0,32.54388427734375,5539.564453125,33.74337387084961,7183.9130859375,1.7219248453776042,1.7268904209136964,2209.0,1.4182218313217163,0.45753955841064453,1.4397730827331543,2320.51171875,1.4054008722305298,1.448152780532837,31880.0,3.8879398703575134,398003.0,0.47151756286621094,0.8090128450011861,0.6137099886780215,0.36070759492302606,192,69,44,1.4754982557790588e-07,0.5323201380756177,0.1819594489281648,0.4270410668496369,swish
35,35,35_0,COMPLETED,Uniform,GenerationStep_0,32.33460998535156,5503.7734375,33.53485870361328,7139.49462890625,1.7365470290184022,1.7303300499916077,2194.89013671875,1.4133296012878418,0.45597410202026367,1.4348299503326416,2305.892822265625,1.4007540941238403,1.4433820247650146,17965.0,3.880941883722941,229491.0,0.4699735641479492,0.6375104391602399,0.47526336486848897,0.13556490101425733,125,58,10,4.4738621040982334e-07,0.1902931009060379,0.26973925824709527,0.43610001946277827,swish
36,36,36_0,COMPLETED,Uniform,GenerationStep_0,32.527565002441406,5536.771484375,33.727142333984375,7180.45458984375,1.7289523402849833,1.7313308835029602,2207.885498046875,1.4178369045257568,0.4574161469936371,1.4393833875656128,2319.3603515625,1.4050347805023193,1.4477773904800415,81959.0,3.8891178528467814,1001779.0,0.47139596939086914,0.7423806853123667,0.9353051033986971,0.41872390940802173,212,208,99,1.4704872349020534e-08,0.372637618544699,0.8885487944847088,0.0726082597577127,swish
37,37,37_0,COMPLETED,Uniform,GenerationStep_0,25.825565338134766,4405.36865234375,26.815940856933594,5709.28564453125,1.7235517144203185,1.7282831827799479,1309.903564453125,1.0911521911621094,0.3510657548904419,1.104049563407898,1375.5721435546875,1.078485369682312,1.108328104019165,134624.0,3.8994757493336993,1635507.0,0.36104902625083923,0.980285426264563,0.07953309298012545,0.06978168976984367,262,255,182,0.33513141047208345,0.6558327624183099,0.19372724541457348,0.9009763530639044,sigmoid
38,38,38_0,COMPLETED,Uniform,GenerationStep_0,26.433055877685547,4502.83203125,27.48688316345215,5851.74169921875,1.7360539078712462,1.7215044895807903,1536.221435546875,1.173995018005371,0.3788175582885742,1.1910573244094849,1617.596923828125,1.1667495965957642,1.2014851570129395,76897.0,3.9125787814458213,940659.0,0.391497939825058,0.9256733597622784,0.2106036140249984,0.7666826589498424,292,156,49,0.052257554236790356,0.14430189703324808,0.20837332554289267,0.3080505964392359,sigmoid
39,39,39_0,COMPLETED,Uniform,GenerationStep_0,17.623884201049805,3011.631591796875,18.272306442260742,3890.155029296875,1.7239123344421388,1.7378294825553895,742.8197631835938,0.812933623790741,0.2617296874523163,0.823106050491333,779.0244140625,0.8035869598388672,0.8261631727218628,46320.0,3.9226759552955626,572019.0,0.2689816951751709,0.09690597516420663,0.8340862462466812,0.7021150558853176,267,79,45,0.0016245539164950256,0.8452167428665588,0.948599259907998,0.8134003421038204,leaky_relu
40,40,40_0,COMPLETED,Uniform,GenerationStep_0,32.37705612182617,5511.033203125,33.577125549316406,7148.50244140625,1.7206475456555685,1.7175696929295858,2197.6904296875,1.414304256439209,0.4562855064868927,1.4358140230178833,2308.791259765625,1.4016778469085693,1.4443305730819702,88252.0,3.904850653807322,1077107.0,0.47028031945228577,0.5634066964362683,0.8382235483951309,0.7610276798411796,274,205,48,1.2322036462839065e-05,0.6208126728423158,0.8877738760410396,0.6522008591364717,leaky_relu
41,41,41_0,COMPLETED,Uniform,GenerationStep_0,17.753305435180664,3032.57958984375,18.430585861206055,3924.025634765625,1.722723372777303,1.7409655253092449,763.705078125,0.8232249617576599,0.26517611742019653,0.8338721394538879,800.5643920898438,0.8144257664680481,0.8376613259315491,56088.0,3.8989646434783936,690035.0,0.2727647125720978,0.5655785768956922,0.838517412507485,0.12789329469213884,212,133,80,0.005389327370380426,0.4360255448242176,0.38099576713970185,0.27610884177951556,leaky_relu
42,42,42_0,COMPLETED,Uniform,GenerationStep_0,32.23746871948242,5487.15771484375,33.43811798095703,7118.8876953125,1.7303212960561116,1.7256032903989156,2188.208740234375,1.411014199256897,0.4552323520183563,1.4324889183044434,2298.962890625,1.3985499143600464,1.4411190748214722,47558.0,3.895113293329875,587187.0,0.46924087405204773,0.6595857778785459,0.6606836969456475,0.794503933674919,164,133,93,9.496791984293466e-08,0.7850961514532604,0.2677386192874236,0.4057521497870281,sigmoid
43,43,43_0,COMPLETED,Uniform,GenerationStep_0,32.37232208251953,5510.22021484375,33.57242202758789,7147.49462890625,1.7337725202242533,1.719199033578237,2197.372802734375,1.4141942262649536,0.45625048875808716,1.4357022047042847,2308.46240234375,1.4015727043151855,1.4442225694656372,151856.0,3.884450928370158,1842675.0,0.47024545073509216,0.6536946098787242,0.4977909537449019,0.9350216257477892,300,261,188,2.603576373663847e-05,0.3639812976485297,0.2511914614720627,0.8303443682155027,swish
44,44,44_0,COMPLETED,Uniform,GenerationStep_0,19.63532066345215,3348.324462890625,20.492128372192383,4363.17724609375,1.713422211011251,1.7209428032239278,960.7493286132812,0.9224955439567566,0.29756128787994385,0.9355835914611816,1010.8531494140625,0.9168158173561096,0.9438158273696899,55030.0,3.890082867940267,676659.0,0.30748850107192993,0.9246129493716343,0.11552806789093606,0.6615688498146047,188,185,27,0.015732138056655815,0.8904612760877955,0.10659972134377049,0.27654448344439864,swish
45,45,45_0,COMPLETED,Uniform,GenerationStep_0,31.542856216430664,5368.40185546875,32.74736022949219,6971.7333984375,1.7345262050628663,1.7504613995552063,2140.114013671875,1.3942420482635498,0.44985973834991455,1.4155287742614746,2249.08740234375,1.3825830221176147,1.424720287322998,23040.0,3.934782934188843,291123.0,0.4639323055744171,0.19432733115004808,0.8382582114048848,0.9949228624227314,239,15,6,0.001853909187017232,0.7891696660453693,0.5473592497005297,0.9383421648713114,sigmoid
46,46,46_0,COMPLETED,Uniform,GenerationStep_0,15.619604110717773,2673.904052734375,16.100561141967773,3427.453125,1.7387763381004333,1.70923011302948,524.341552734375,0.6958432793617249,0.22258305549621582,0.7018702626228333,543.243408203125,0.6761624813079834,0.6934900283813477,57465.0,3.913179397583008,706419.0,0.22517697513103485,0.5334243114205126,0.7816883795707151,0.07286650979205045,201,154,66,0.0011888727989110973,0.5638079202851013,0.8863496492622925,0.6604051673082981,leaky_relu
47,47,47_0,COMPLETED,Uniform,GenerationStep_0,32.575504302978516,5544.97216796875,33.7748908996582,7190.62451171875,1.7194953878720602,1.7326577226320903,2211.114990234375,1.418953537940979,0.45777347683906555,1.4405120611190796,2322.703857421875,1.406096339225769,1.448866605758667,117592.0,3.900959002971649,1430451.0,0.47174835205078125,0.012074582501819586,0.6945955742832588,0.536473674015368,249,231,172,2.837517325373675e-07,0.776021895740783,0.40518525196509136,0.2999891033301804,swish
48,48,48_0,COMPLETED,Uniform,GenerationStep_0,25.13047981262207,4278.6982421875,26.208454132080078,5579.53564453125,1.740431559085846,1.7053083062171936,1523.5732421875,1.1663199663162231,0.37652838230133057,1.184067964553833,1604.167724609375,1.160679817199707,1.1958386898040771,114480.0,3.8950841108957928,1393011.0,0.3896143436431885,0.1522707118068788,0.801771569896625,0.006764870606925766,261,259,99,4.741817144009798e-05,0.17077442231162626,0.6266799653544098,0.5203866818004297,relu
49,49,49_0,COMPLETED,Uniform,GenerationStep_0,14.165526390075684,2422.65966796875,14.69736099243164,3128.897216796875,1.7205546100934346,1.7395933270454407,433.06109619140625,0.6335650086402893,0.20237059891223907,0.638825535774231,450.7177429199219,0.6170397400856018,0.6333165168762207,129605.0,3.91159219344457,1575219.0,0.20559148490428925,0.4569153252372594,0.24256888499364515,0.6147822717195962,276,252,149,0.0004196257520844252,0.8411573599514818,0.3847186775489241,0.20032402599865268,swish
50,50,50_0,COMPLETED,Uniform,GenerationStep_0,26.766794204711914,4558.12353515625,27.82695960998535,5924.1103515625,1.702319324016571,1.7251128435134888,1606.182373046875,1.200100064277649,0.38735103607177734,1.2179782390594482,1691.49658203125,1.1932847499847412,1.2291706800460815,75389.0,3.9113599181175234,922419.0,0.4005086123943329,0.9522687591529998,0.4308497972843335,0.09503005552747257,211,196,86,0.010394533903239902,0.31667381742034034,0.3933038596765154,0.8863628055823344,sigmoid
51,51,51_0,COMPLETED,Uniform,GenerationStep_0,29.03898811340332,4941.96826171875,30.213863372802734,6432.2578125,1.730228638648987,1.7263821085294089,1928.4647216796875,1.318819284439087,0.42565038800239563,1.3390939235687256,2029.0421142578125,1.3102730512619019,1.350311517715454,121760.0,3.898856294155121,1480755.0,0.43983033299446106,0.13640566095360895,0.4651029495653852,0.651727720031527,289,273,71,0.5105336909621228,0.907871602687236,0.22392393808365815,0.6941638526484748,sigmoid
52,52,52_0,COMPLETED,Uniform,GenerationStep_0,32.47120666503906,5527.134765625,33.67092514038086,7168.48193359375,1.7399792154630025,1.7489094932874043,2203.96142578125,1.4164800643920898,0.4569818675518036,1.4380120038986206,2315.2880859375,1.4037443399429321,1.4464516639709473,51935.0,3.910667598247528,639667.0,0.4709669351577759,0.7222097077310635,0.03883317483251636,0.16609509719326876,238,128,17,1.547404273089276e-08,0.3686677610317409,0.7987565158133175,0.4629921520839643,swish
53,53,53_0,COMPLETED,Uniform,GenerationStep_0,32.331668853759766,5503.2705078125,33.531925201416016,7138.86962890625,1.7234929243723551,1.7227600375811258,2194.612548828125,1.4132367372512817,0.45594391226768494,1.4347349405288696,2305.601318359375,1.4006623029708862,1.4432886838912964,61789.0,3.8761223793029784,758259.0,0.4699430763721466,0.9166271564898294,0.5818440911288737,0.5351230105686761,263,140,26,9.813906556672644e-06,0.886750775919286,0.46365939980499227,0.9641370279668369,swish
54,54,54_0,COMPLETED,Uniform,GenerationStep_0,32.39011001586914,5513.26416015625,33.590126037597656,7151.2646484375,1.736412223180135,1.7400882601737977,2198.5830078125,1.414614200592041,0.4563845098018646,1.4361268281936646,2309.71630859375,1.4019721746444702,1.4446324110031128,67688.0,3.8874360005060833,829491.0,0.47037819027900696,0.44576094909816877,0.9037278216294182,0.03361425159675102,271,141,53,2.1791345306839789e-07,0.3592213889093818,0.7436959819980394,0.6678477943722066,swish
55,55,55_0,COMPLETED,Uniform,GenerationStep_0,32.1893424987793,5478.9287109375,33.39019775390625,7108.67724609375,1.7151136875152588,1.7224011580149332,2184.92333984375,1.409873366355896,0.45486706495285034,1.4313353300094604,2295.558837890625,1.397464394569397,1.4400050640106201,52644.0,3.8874984900156657,648435.0,0.46888020634651184,0.23409314882199594,0.055609339591831675,0.916353854611875,193,141,69,5.178835477527834e-08,0.7122385573665444,0.15786868473393745,0.26056461837290007,sigmoid
56,56,56_0,COMPLETED,Uniform,GenerationStep_0,32.537757873535156,5538.51904296875,33.73733139038086,7182.62548828125,1.7283191998799643,1.737013546625773,2208.625732421875,1.418089509010315,0.45749732851982117,1.4396398067474365,2320.12646484375,1.4052774906158447,1.4480258226394653,76040.0,3.8968042612075804,930291.0,0.47147655487060547,0.5692010347978292,0.2935337782464136,0.6705478243781372,229,184,83,1.5051867932660167e-06,0.7591506633812724,0.7930442229280475,0.857347545141832,swish
57,57,57_0,COMPLETED,Uniform,GenerationStep_0,48.479068756103516,8263.451171875,49.75916290283203,10606.5361328125,1.7226682265599569,1.732357144355774,3941.891357421875,2.0442826747894287,0.6337685585021973,2.016054153442383,4107.8251953125,1.9639712572097778,1.9809131622314453,24800.0,3.8703718900680544,312435.0,0.63984614610672,0.6411506820820478,0.8359261950296795,0.04407439727452345,114,97,46,0.344347530901466,0.8323141965345928,0.3489704549314556,0.6252149691368184,relu
58,58,58_0,COMPLETED,Uniform,GenerationStep_0,31.64872169494629,5386.4873046875,32.852535247802734,6994.14404296875,1.7250654061635335,1.7367775360743205,2147.583251953125,1.3968555927276611,0.45069751143455505,1.4181727170944214,2256.836181640625,1.3850733041763306,1.4272781610488892,21778.0,3.9243048151334126,275955.0,0.46476057171821594,0.7309181315518679,0.7709208446606908,0.9333698090564869,215,20,3,0.00019384063908722943,0.7981433566248709,0.6143848856155506,0.9891242588706213,relu
59,59,59_0,COMPLETED,Uniform,GenerationStep_0,32.15255355834961,5472.63525390625,33.35356521606445,7100.87744140625,1.718544352054596,1.7295397082964579,2182.41259765625,1.4090003967285156,0.4545874297618866,1.4304536581039429,2292.95458984375,1.396634817123413,1.439152479171753,37226.0,3.887691791852315,462003.0,0.4686041474342346,0.07538420011881442,0.43268205413220795,0.08147582377285822,205,88,29,5.53068995742139e-05,0.6675688719300391,0.8269595287594947,0.963478565869593,leaky_relu
60,60,60_0,COMPLETED,Uniform,GenerationStep_0,28.221359252929688,4802.92529296875,29.348241806030273,6247.998046875,1.7202685276667278,1.7370051185290019,1833.5604248046875,1.2842788696289062,0.41455212235450745,1.3040001392364502,1930.0262451171875,1.276719093322754,1.3156832456588745,154228.0,3.9012792984644573,1871603.0,0.42860299348831177,0.35732612745132664,0.8686167676515931,0.9714520070483098,296,252,220,4.2732354963117375e-05,0.5857900421447692,0.4179530386284257,0.6934691649178673,sigmoid
61,61,61_0,COMPLETED,Uniform,GenerationStep_0,15.065509796142578,2580.072021484375,15.504719734191895,3300.421875,1.7410746137301127,1.751437520980835,470.9603576660156,0.6655018925666809,0.2122998833656311,0.6704019904136658,486.3191833496094,0.6430795788764954,0.6590221524238586,47664.0,3.888473145167033,588147.0,0.21369099617004395,0.6122066280689779,0.5614415578691682,0.004962631440830645,153,143,93,9.12967915333132e-05,0.7592548441466492,0.4754193974586258,0.13347355889270568,swish
62,62,62_0,COMPLETED,Uniform,GenerationStep_0,32.576805114746094,5545.19482421875,33.77622985839844,7190.91064453125,1.7331636389096579,1.7518889665603639,2211.254150390625,1.4190000295639038,0.4577885866165161,1.4405592679977417,2322.850830078125,1.406142234802246,1.448913335800171,31732.0,3.9141504963239035,396275.0,0.4717636704444885,0.2764444951023033,0.4167744756686055,0.2875093857100538,174,72,70,1.1337648904064201e-06,0.12710728394778173,0.5978490751202359,0.9417266941139054,swish
63,63,63_0,COMPLETED,Uniform,GenerationStep_0,25.692012786865234,4381.07421875,26.72429084777832,5689.7509765625,1.7392178773880005,1.7361515641212464,1330.1240234375,1.0977168083190918,0.3533743619918823,1.1113089323043823,1398.7337646484375,1.086613655090332,1.117178201675415,111872.0,3.9276504635810854,1361715.0,0.3639446198940277,0.24894750278189215,0.38772623764613967,0.7380224639580472,286,205,146,0.20193761884148448,0.34492738965643477,0.28770908671681744,0.5102858341985075,leaky_relu
64,64,64_0,COMPLETED,Uniform,GenerationStep_0,25.85785484313965,4411.10302734375,26.845373153686523,5715.58984375,1.746311902999878,1.7457138856252035,1304.3485107421875,1.089444875717163,0.3504440486431122,1.10213303565979,1369.4454345703125,1.0763739347457886,1.1060185432434082,113190.0,3.9305936415990193,1377459.0,0.3602859675884247,0.24907839334589288,0.5458773730375642,0.6642362741332546,293,249,66,0.010038212760146957,0.10948131455886981,0.26192805120722223,0.08036370418784854,sigmoid
65,65,65_0,COMPLETED,Uniform,GenerationStep_0,18.07868766784668,3089.282470703125,18.73923110961914,3989.593994140625,1.7335848768552145,1.722685706615448,781.0255737304688,0.8337948322296143,0.26852554082870483,0.8442885279655457,817.6243896484375,0.8239301443099976,0.8469706773757935,72105.0,3.927762508392334,882675.0,0.2757619321346283,0.8777491137629663,0.36141679593923015,0.43040421252016925,212,204,57,0.0005595903156942932,0.6854303909832471,0.1598341191867882,0.8193442785810786,relu
66,66,66_0,COMPLETED,Uniform,GenerationStep_0,22.164323806762695,3775.880615234375,23.197240829467773,4938.658203125,1.7287878274917603,1.7338144540786744,1220.9583740234375,1.0410826206207275,0.3360745310783386,1.0566608905792236,1286.0093994140625,1.03653883934021,1.0676639080047607,33840.0,3.877909763654073,421491.0,0.3478551208972931,0.061041215607819055,0.8205462799647079,0.984197111483967,135,119,57,0.0012806628696406756,0.3829416508813406,0.9864182315301508,0.5211742683672007,relu
67,67,67_0,COMPLETED,Uniform,GenerationStep_0,28.103513717651367,4782.58642578125,29.239809036254883,6224.9111328125,1.7347893555959066,1.7376588106155395,1826.3148193359375,1.2816355228424072,0.4136815369129181,1.3013094663619995,1922.343994140625,1.2741284370422363,1.313019037246704,26672.0,3.913952147960663,335091.0,0.42772775888442993,0.864679255338167,0.9226784706369494,0.6042063276354345,247,26,9,0.010367152442212613,0.3716353559756328,0.7867562485910486,0.7585241561845123,relu
68,68,68_0,COMPLETED,Uniform,GenerationStep_0,30.944190979003906,5266.044921875,32.14588928222656,6843.69677734375,1.736901060740153,1.7235808928807577,2081.833251953125,1.3741105794906616,0.4433593153953552,1.3950704336166382,2188.302734375,1.3631606101989746,1.4046984910964966,42755.0,3.9197942773501078,529203.0,0.4574327766895294,0.17372132077657443,0.8418706561959511,0.13693350597061615,279,66,26,1.9925438422519714e-05,0.9577164904945854,0.5671120823063796,0.13137527554785955,leaky_relu
69,69,69_0,COMPLETED,Uniform,GenerationStep_0,32.45877456665039,5525.009765625,33.6584358215332,7165.81884765625,1.7262836178143819,1.7312834024429322,2203.1708984375,1.4162061214447021,0.4568942189216614,1.437735676765442,2314.457763671875,1.4034812450408936,1.446180820465088,153042.0,3.8989816109339395,1857459.0,0.4708791971206665,0.4550648436394217,0.7583956166432061,0.26771483972202315,293,273,180,5.516915118896872e-07,0.7246779381754036,0.9277647991277556,0.28617525846713565,relu
70,70,70_0,COMPLETED,Uniform,GenerationStep_0,28.399988174438477,4833.31201171875,29.539487838745117,6288.71435546875,1.7277491172154744,1.7136382341384888,1855.924560546875,1.2924565076828003,0.4171808660030365,1.3123162984848022,1953.385498046875,1.284692645072937,1.3239201307296753,90910.0,3.9032305677731833,1108723.0,0.4312741160392761,0.9799136722129682,0.05224996138257543,0.746614687760396,287,224,15,0.0002404713363619116,0.7144700998307721,0.5659727070022588,0.8211216404831938,sigmoid
71,71,71_0,COMPLETED,Uniform,GenerationStep_0,32.44716262817383,5523.0244140625,33.6469841003418,7163.37744140625,1.7466158111890158,1.7574341853459676,2202.435302734375,1.4159482717514038,0.45681193470954895,1.4374752044677734,2313.707763671875,1.4032405614852905,1.4459348917007446,52242.0,4.007357350985209,643251.0,0.47079986333847046,0.3876271711008181,0.1809903672629929,0.38592817990208084,180,158,58,1.8853393339728038e-07,0.49571135266332844,0.5561145239766375,0.6209388528304545,swish
72,72,72_0,COMPLETED,Uniform,GenerationStep_0,25.906631469726562,4417.38037109375,26.935258865356445,5734.51708984375,1.7501952727635701,1.7688983043034872,1370.807861328125,1.1130006313323975,0.3585205674171448,1.1273095607757568,1441.2845458984375,1.1025687456130981,1.1339499950408936,129296.0,4.036510499318441,1571571.0,0.36944931745529175,0.7634770475280634,0.37778823286194985,0.8348503797416551,261,223,223,0.0009477987486768373,0.4170667149231452,0.5223947601889207,0.3549615297353765,sigmoid
73,73,73_0,COMPLETED,Uniform,GenerationStep_0,32.34514617919922,5505.57568359375,33.54533386230469,7141.7294921875,1.7415776173273723,1.748572580019633,2195.525390625,1.4135533571243286,0.4560450613498688,1.435055136680603,2306.54736328125,1.4009639024734497,1.4435980319976807,108598.0,3.962131317456563,1322163.0,0.47004300355911255,0.39020595960655713,0.7547255723632289,0.06457478439231867,280,261,49,1.7985812939957773e-06,0.6483744181462021,0.777067894035374,0.19287993253419444,sigmoid
74,74,74_0,ABANDONED,Uniform,GenerationStep_0,,,,,,,,,,,,,,,,,,0.47650213175925327,0.9735567765273764,0.6378187852235083,282,241,90,0.564264999299361,0.43727157660425264,0.19853950542352108,0.09848473097101527,leaky_relu
75,75,75_0,COMPLETED,Uniform,GenerationStep_0,14.100571632385254,2412.533935546875,14.55178451538086,3097.92626953125,78.18335075378418,1.8367372274398803,429.71978759765625,0.6331064701080322,0.2020817995071411,0.638113260269165,444.36309814453125,0.6133911609649658,0.6293888688087463,12910.0,4.063926362991333,168755.0,0.20417256653308868,0.4962448443054819,0.6638273370651752,0.42235920077261146,77,53,48,0.0019521466221642503,0.5385505689505785,0.7080721812917424,0.2639618448435554,relu
76,76,76_0,COMPLETED,Uniform,GenerationStep_0,31.488000869750977,5359.02587890625,32.69243240356445,6960.041015625,1.9473641355832418,1.7673968871434529,2135.045166015625,1.392491102218628,0.44929540157318115,1.4137517213821411,2243.776123046875,1.380892276763916,1.4229774475097656,100300.0,4.126124858856201,1221939.0,0.46336641907691956,0.030100562508911577,0.8394630626512259,0.9491571546279695,285,249,25,0.5313538770218338,0.4612693870650626,0.781320146613096,0.7840245814015708,relu
77,77,77_0,COMPLETED,Uniform,GenerationStep_0,28.490276336669922,4848.66552734375,29.635801315307617,6309.2138671875,1.8799285213152568,1.9501699805259705,1866.8968505859375,1.2964608669281006,0.41846755146980286,1.3163858652114868,1964.8377685546875,1.288590669631958,1.3279436826705933,104192.0,4.524388643105825,1268979.0,0.4325791001319885,0.960663619846418,0.9904387871905198,0.873469960711052,298,215,74,0.03669438240374902,0.49934157246225497,0.6984357405580831,0.59783627115147,relu
78,78,78_0,COMPLETED,Uniform,GenerationStep_0,32.37736892700195,5511.087890625,33.57741928100586,7148.56298828125,1.8832008004188538,1.8552217443784078,2197.67529296875,1.414300560951233,0.4562843441963196,1.4358099699020386,2308.775390625,1.4016730785369873,1.4443260431289673,92364.0,4.359052650133768,1126707.0,0.47027891874313354,0.714452819142751,0.10556860475708174,0.012324177520298685,278,187,95,7.537476753512737e-06,0.7490081689300442,0.3372059972550433,0.7035270549342175,leaky_relu
79,79,79_0,COMPLETED,Uniform,GenerationStep_0,29.58970069885254,5035.6806640625,30.782955169677734,6553.390625,1.9086628595987956,1.949117608865102,1983.1168212890625,1.338536262512207,0.43198472261428833,1.3591022491455078,2085.962646484375,1.3292768001556396,1.3698927164077759,88752.0,4.485473382472992,1082931.0,0.44617563486099243,0.8579267152267059,0.7510612896505934,0.5521292265320292,289,223,4,0.0023174839129346536,0.6143805982312038,0.4321209631260088,0.7688961832473817,sigmoid
80,80,80_0,COMPLETED,Uniform,GenerationStep_0,25.862064361572266,4411.0751953125,26.86290168762207,5719.232421875,1.9258823315302531,1.8980861107508342,1327.7508544921875,1.0976219177246094,0.3532716929912567,1.1109291315078735,1394.8468017578125,1.0856095552444458,1.1159027814865112,102852.0,4.498300921916962,1253235.0,0.36353278160095215,0.5750490290467499,0.9458520214189119,0.03572515668722176,261,206,135,0.7984194717647439,0.945543550030136,0.7765817539137098,0.9970778351663027,sigmoid
81,81,81_0,COMPLETED,Uniform,GenerationStep_0,32.51449966430664,5534.53662109375,33.71416473388672,7177.68603515625,1.7350176930427552,1.7144517024358115,2207.178955078125,1.4175846576690674,0.45733627676963806,1.4391307830810547,2318.632080078125,1.404800534248352,1.4475364685058594,27818,3.929461483160655,348979.0,0.47131839394569397,0.657311780741846,0.13521742226721944,0.06826896963487494,238,32,28,2.337433732006769e-06,0.35267650033029474,0.1920381033285548,0.37364980204901915,leaky_relu
82,82,82_0,COMPLETED,Uniform,GenerationStep_0,21.966983795166016,3746.364990234375,22.88128662109375,4871.419921875,1.8809977730115255,1.8739084124565124,1165.097900390625,1.0166518688201904,0.3281659185886383,1.031381607055664,1226.1990966796875,1.011126160621643,1.040976881980896,20863.0,4.204715116818746,264627.0,0.33922278881073,0.2873510635427192,0.8891103680536633,0.6930424516692186,145,58,12,0.004503517205858915,0.3380501745051996,0.5557611951291033,0.5104862376495742,relu
83,83,83_0,COMPLETED,Uniform,GenerationStep_0,32.1505126953125,5472.2822265625,33.35151290893555,7100.4375,1.8739768624305726,1.8867253263791401,2182.2451171875,1.4089435338974,0.45456913113594055,1.430395483970642,2292.779541015625,1.396578311920166,1.4390952587127686,54267.0,4.251664912700653,667635.0,0.4685857892036438,0.6879967693981988,0.42477677165654526,0.47178645212529524,217,166,4,3.726635630662585e-08,0.27258275681301725,0.8588019754617043,0.6608618726810438,swish
84,84,84_0,COMPLETED,Uniform,GenerationStep_0,25.876487731933594,4415.2705078125,26.8508358001709,5716.89208984375,1.8808529257774353,1.8850617408752441,1275.365966796875,1.0795639753341675,0.3469795286655426,1.0913918018341064,1337.810302734375,1.0649446249008179,1.0937168598175049,27706.0,4.257398104667663,347827.0,0.3562365174293518,0.7627040385621952,0.28195342830914427,0.27323567211860533,283,16,15,0.7607690824666994,0.852145326145118,0.2927888608963388,0.0040126425151823285,swish
85,85,85_0,COMPLETED,Uniform,GenerationStep_0,30.107833862304688,5123.81494140625,31.311588287353516,6665.931640625,1.9126297275225321,4.45300997098287,2029.5618896484375,1.3551615476608276,0.4373236298561096,1.3759595155715942,2134.27490234375,1.345240592956543,1.3863263130187988,37460.0,4.26722694238027,465075.0,0.4514990746974945,0.3819764468366784,0.9787769642107556,0.6116016148286808,226,75,29,0.021161738375063126,0.20387071759985675,0.6048936079774713,0.7799286904777402,leaky_relu
86,86,86_0,COMPLETED,Uniform,GenerationStep_0,32.575958251953125,5545.04736328125,33.7753791809082,7190.7294921875,1.8648085077603658,1.8680086533228557,2211.216796875,1.4189863204956055,0.4577842056751251,1.4405453205108643,2322.804931640625,1.406127691268921,1.448899269104004,54747.0,4.306222303708394,673971.0,0.4717590808868408,0.5430241251352557,0.45091791021296423,0.27385243751159905,198,130,99,2.6240892732067516e-08,0.890091010555781,0.6489222165330583,0.9722788464966751,leaky_relu
87,87,87_0,COMPLETED,Uniform,GenerationStep_0,25.922025680541992,4419.73046875,26.956127166748047,5738.93798828125,1.8794757843017578,1.8533085743586222,1380.3480224609375,1.1164476871490479,0.3596874177455902,1.1309586763381958,1451.53857421875,1.106315016746521,1.137922763824463,62559.0,4.293422563870748,767987.0,0.37074992060661316,0.2382323216898743,0.7450099139686203,0.33355554847771085,240,148,51,0.0006406365864594601,0.7845401974167379,0.4049741775095702,0.16663627481764737,sigmoid
88,88,88_0,COMPLETED,Uniform,GenerationStep_0,30.015283584594727,5108.07177734375,31.21770668029785,6645.93896484375,1.8514535109202066,1.8581941405932108,2021.59521484375,1.3523176908493042,0.4364108145236969,1.3730765581130981,2125.98974609375,1.3425137996673584,1.3835208415985107,30199.0,4.428050088882446,377523.0,0.4505901634693146,0.1916638411758802,0.6627685698854843,0.18588778108484205,179,78,22,4.479461810034955e-05,0.14294296071577528,0.6562606735460097,0.33269682440383647,sigmoid
89,89,89_0,COMPLETED,Uniform,GenerationStep_0,21.45280647277832,3662.651611328125,22.21200180053711,4729.17431640625,1.8534826477368673,1.862627124786377,1007.3943481445312,0.9496276378631592,0.3058030307292938,0.9616453647613525,1057.4588623046875,0.9391462802886963,0.9658157229423523,45030.0,4.207085601488749,557043.0,0.3146144449710846,0.6083125072864929,0.0023407705694835634,0.11209417735795602,296,60,54,0.24665522722913266,0.9675713121216966,0.5318879368846133,0.8367609417820926,leaky_relu
90,90,90_0,COMPLETED,Uniform,GenerationStep_0,29.451854705810547,5012.232421875,30.64118194580078,6523.2080078125,1.7597924908002218,1.7305376966794332,1969.96484375,1.3338077068328857,0.43046602606773376,1.3543063402175903,2072.273681640625,1.3247274160385132,1.3652061223983765,67056,3.9919268528620404,1171174.0,0.4446570575237274,0.21579341168989163,0.8905453345179196,0.9919521385222654,274,123,90,0.0015650568333456373,0.7079166611004496,0.269362524308503,0.8339984846564368,sigmoid
91,91,91_0,COMPLETED,Uniform,GenerationStep_0,27.739601135253906,4721.73681640625,28.821517944335938,6135.8427734375,1.731846777598063,1.7033549189567565,1729.2772216796875,1.2465368509292603,0.4023627042770386,1.2654099464416504,1821.4132080078125,1.23940908908844,1.2770061492919922,46380,3.9209941228230796,572787.0,0.41605737805366516,0.783222527273906,0.18121042542815602,0.414597468643393,291,76,9,0.3227234069830157,0.33004748521009497,0.3727116715263227,0.7185762299871935,leaky_relu
92,92,92_0,COMPLETED,Uniform,GenerationStep_0,26.555742263793945,4523.0693359375,27.612510681152344,5878.46533203125,1.921178944905599,1.8082933147748312,1564.896728515625,1.184669017791748,0.3823172450065613,1.2020914554595947,1647.925537109375,1.1776641607284546,1.2128914594650269,95852.0,4.05693552494049,1168563.0,0.39521169662475586,0.8256851970643968,0.4312380341768094,0.31491874709543577,247,203,126,0.4730453066628443,0.6965565943531551,0.6608846987473685,0.7483949109367055,sigmoid
93,93,93_0,COMPLETED,Uniform,GenerationStep_0,30.20924949645996,5141.06396484375,31.4141902923584,6687.77783203125,1.90952117840449,1.9195658127466837,2038.16259765625,1.3582276105880737,0.43830785155296326,1.3790655136108398,2143.215087890625,1.3481782674789429,1.3893492221832275,38536.0,4.390497227509816,478131.0,0.4524782598018646,0.2888882814304786,0.8133293096734108,0.08169996152282566,188,87,79,0.4979102500215232,0.9988487006224623,0.8029919426094664,0.7448792941905594,swish
94,94,94_0,COMPLETED,Uniform,GenerationStep_0,31.638721466064453,5384.7763671875,32.84259796142578,6992.025390625,1.9094919959704082,1.8991474350293478,2146.880126953125,1.396609902381897,0.45061880350112915,1.417924165725708,2256.10595703125,1.3848395347595215,1.4270379543304443,55748.0,4.420852418740591,685683.0,0.46468254923820496,0.9128305460519253,0.6127283608153555,0.9576783805374366,258,130,10,0.0005686165274621207,0.6824454914410288,0.35015386614291555,0.9830578426488079,relu
95,95,95_0,COMPLETED,Uniform,GenerationStep_0,32.450809478759766,5523.64404296875,33.65059280395508,7164.14697265625,1.9459415117899577,1.9294113357861837,2202.668212890625,1.416029453277588,0.45683783292770386,1.4375572204589844,2313.94873046875,1.4033173322677612,1.4460134506225586,48066.0,4.451385283470154,593331.0,0.47082486748695374,0.4949364360911622,0.3216660050058441,0.36566784827283405,212,102,90,1.3729534541454861e-06,0.9743323107874751,0.611369358017763,0.25305212660903537,swish
96,96,96_0,COMPLETED,Uniform,GenerationStep_0,31.838457107543945,5418.91552734375,33.041114807128906,7034.318359375,1.7151872833569846,1.7453445792198181,2160.818115234375,1.4014798402786255,0.4521786868572235,1.4228489398956299,2270.56396484375,1.3894766569137573,1.4318017959594727,44516,3.8699162642161054,550707.0,0.4662247598171234,0.8162020149657662,0.5474995126729675,0.3699354508193542,139,131,114,4.844262317457499e-05,0.3443986236428421,0.6910116360914467,0.8645708054214398,relu
97,97,97_0,ABANDONED,Uniform,GenerationStep_0,,,,,,,,,,,,,,,,,,0.4235237956526119,0.08368177817840505,0.02728849413782708,178,76,50,0.8840393792989478,0.15680334343666918,0.5851748530436617,0.01897655809987992,swish
98,98,98_0,COMPLETED,Uniform,GenerationStep_0,26.38835906982422,4495.45703125,27.441307067871094,5842.0478515625,1.8274090886116028,1.705790654818217,1525.88427734375,1.170140266418457,0.3775515556335449,1.1870685815811157,1606.6500244140625,1.162795066833496,1.1973501443862915,63014.0,4.120537249247233,773427.0,0.3901508152484894,0.9726336522263043,0.4037383175688075,0.1753137429836773,289,108,77,0.00027633854769078806,0.37294818915593264,0.4403363174710283,0.5439308522993945,sigmoid
99,99,99_0,COMPLETED,Uniform,GenerationStep_0,32.4906120300293,5530.455078125,33.69033432006836,7172.60888671875,1.644244873523712,1.6677620609601338,2205.53662109375,1.4170180559158325,0.4571548402309418,1.4385576248168945,2316.92236328125,1.404259443283081,1.4469815492630005,45480.0,3.977976930141449,562227.0,0.47113868594169617,0.23478034924664348,0.4423586902779558,0.05438401635582446,261,81,39,6.950085108941878e-07,0.410972664410755,0.9183062191357806,0.41227091304297747,leaky_relu
