,trial_index,arm_name,trial_status,generation_method,generation_node,mean_validation_loss,cumulative_validation_loss,mean_test_loss,cumulative_test_loss,testing_time,validation_time,validation_accuracy,test_accuracy,number_parameters,training_time,checkpoint_size,input_dropout_probability,hidden_dropout_probability,output_dropout_probability,hidden_layer_nodes_1,hidden_layer_nodes_2,hidden_layer_nodes_3,learning_rate,beta1,beta2,w_decay,activation
0,0,0_0,ABANDONED,Sobol,GenerationStep_0,,,,,,,,,,,,0.5288044214248657,0.19863243401050568,0.5966323018074036,683,679,525,0.1496505757466023,0.8971176952961974,0.7230870714097112,0.24778987219499096,sigmoid
1,1,1_0,COMPLETED,Sobol,GenerationStep_0,2.299252510070801,432.2569580078125,2.2993760108947754,361.0019226074219,0.33473048607508343,1.6817620078722635,0.10199260711669922,0.10241299867630005,919296.0,3.7688180843989056,11059507.0,0.2466782247647643,0.897332894615829,0.6427595000714064,820,258,242,5.128498680150905e-08,0.6295574986209468,0.8851920023861288,0.07775665276226987,relu
2,2,2_0,COMPLETED,Sobol,GenerationStep_0,2.30198073387146,432.7718811035156,2.3020474910736084,361.42193603515625,0.33181780179341636,1.6497008601824443,0.10023722052574158,0.10014237463474274,1334043.0,3.7948317329088845,16040947.0,0.9987383875995874,0.5495128948241472,0.1893656775355339,848,641,193,0.00047247757864158073,0.2767593717120388,0.5994479928550807,0.4568251707543405,relu
3,3,3_0,COMPLETED,Sobol,GenerationStep_0,2.3320586681365967,438.4219970703125,2.335308074951172,366.6840515136719,0.32849266529083254,1.6497989694277446,0.09964462369680405,0.10014237463474274,1570630.0,3.7705143372217815,18881971.0,0.8180144699290395,0.17133960593491793,0.28419341426342726,999,612,283,7.888572212671562e-08,0.8056172320448406,0.4255881561111491,0.6850331785571875,sigmoid
4,4,4_0,COMPLETED,Sobol,GenerationStep_0,2.302274465560913,432.8273620605469,2.302297353744507,361.46124267578125,0.32817346254984536,1.639678156375885,0.10023722052574158,0.10014237463474274,1866074.0,3.7772993008295694,22432051.0,0.34864503238350153,0.6134384451434016,0.5636370051652193,879,766,649,0.0013462046576514968,0.17390836162328616,0.7671078825752184,0.9989233643507044,leaky_relu
5,5,5_0,COMPLETED,Sobol,GenerationStep_0,2.302680730819702,432.90692138671875,2.3030526638031006,361.59161376953125,0.3317371129989624,1.6576497276624045,0.09964462369680405,0.10014237463474274,739938.0,3.7699548403422036,8904307.0,0.8797795167192817,0.29059253819286823,0.67379030585289,624,329,134,5.238401364067042e-06,0.44135478066976996,0.8441786381617216,0.824974371252493,sigmoid
6,6,6_0,ABANDONED,Sobol,GenerationStep_0,,,,,,,,,,,,0.8957893839105964,0.7482733763754368,0.9781387113034725,971,886,219,0.20155533811033918,0.43219038838223944,0.5073837829192375,0.3676560894142117,swish
7,7,7_0,COMPLETED,Sobol,GenerationStep_0,2.302199125289917,432.8124694824219,2.30195951461792,361.4070739746094,0.33047053416570027,1.6329588174819947,0.10023722052574158,0.10014237463474274,1769391.0,3.7922416726748147,21269683.0,0.7952618077397346,0.09763819258660078,0.5111989295110106,878,857,379,1.0451640849708724e-05,0.6785279375481351,0.6675109259126063,0.5222567668113025,swish
8,8,8_0,COMPLETED,Sobol,GenerationStep_0,2.3104147911071777,434.36138916015625,2.3101117610931396,362.68707275390625,0.33016905387242634,1.6540124535560607,0.10318070650100708,0.10311777144670486,650316.0,3.762805151939392,7825971.0,0.9834914598613977,0.4737318344414234,0.39991075173020363,746,83,38,2.233380522032442e-07,0.14618154088876467,0.2629971309149344,0.9760330985485802,leaky_relu
9,9,9_0,ABANDONED,Sobol,GenerationStep_0,,,,,,,,,,,,0.5639266520738602,0.5077079208567739,0.6361647332087159,450,391,278,0.7533131416017163,0.32914615112001067,0.474521873920951,0.588802224656366,relu
10,10,10_0,COMPLETED,Sobol,GenerationStep_0,2.3017661571502686,432.7320861816406,2.3019516468048096,361.407470703125,0.4499489426612854,1.6965591470400492,0.10023722052574158,0.10014237463474274,1290582.0,3.7759589473406474,15517747.0,0.1478490550071001,0.838220794685185,0.4319902900606394,941,503,155,2.13903176904391e-05,0.9810395250923828,0.22183270468048677,0.22282547839677855,relu
11,11,11_0,COMPLETED,Sobol,GenerationStep_0,2.3023951053619385,432.85003662109375,2.3024628162384033,361.4864501953125,0.3268091837565104,1.66213006178538,0.10023722052574158,0.10014237463474274,1014300.0,3.9422119657198587,12199795.0,0.2316439663991332,0.06391942966729403,0.947527589276433,715,559,95,0.0017812994933449624,0.6968441090354438,0.5468453249604698,0.6202533630096169,leaky_relu
12,12,12_0,COMPLETED,Sobol,GenerationStep_0,2.302664041519165,432.9014892578125,2.3025479316711426,361.4992370605469,0.3259380976359049,1.6573547403017679,0.10023722052574158,0.10014237463474274,1488298.0,3.7668808817863466,17894195.0,0.48444139398634434,0.8838480180129409,0.7631277227774262,925,576,393,0.019045229995206723,0.11208076985168346,0.5810087716778197,0.7230283340779526,relu
13,13,13_0,COMPLETED,Sobol,GenerationStep_0,2.2988901138305664,432.18603515625,2.298649787902832,360.89453125,0.3261398712793986,1.6306128978729248,0.10122154653072357,0.10058147460222244,1198560.0,3.7304504911104837,14412979.0,0.323248696513474,0.2703220844268799,0.7339928168803453,800,670,52,1.1408135278466151e-06,0.9775597084595865,0.4176949515098255,0.3855634712241997,relu
14,14,14_0,COMPLETED,Sobol,GenerationStep_0,2.3022401332855225,432.8208312988281,2.30228328704834,361.4586181640625,0.3254020531972249,1.6611193021138508,0.10023722052574158,0.10014237463474274,740466.0,3.7564975102742513,8911667.0,0.29815711826086044,0.5155554562807083,0.15578016079962254,565,368,237,0.0001264741332306751,0.700326931418684,0.1276860704363252,0.7713576655067597,swish
15,15,15_0,COMPLETED,Sobol,GenerationStep_0,2.3022775650024414,432.8279724121094,2.3023083209991455,361.462646484375,0.32660096486409507,1.6552878657976786,0.10023722052574158,0.10014237463474274,1912689.0,3.7940749168395995,22991155.0,0.9538260456174612,0.3304058173671365,0.10873717814683914,953,791,514,3.250229960666613e-05,0.8835327300728208,0.47106617118512106,0.9140514137087833,leaky_relu
16,16,16_0,COMPLETED,Sobol,GenerationStep_0,2.305490732192993,433.429443359375,2.3047726154327393,361.857177734375,0.3274550517400106,1.6363989591598511,0.07270854711532593,0.07768554985523224,930992.0,3.7796059052149453,11200435.0,0.3850127896293998,0.14275314565747976,0.37249134574085474,670,402,331,2.1115652383355978e-08,0.38191228959397905,0.8503131719757011,0.12053831173640649,leaky_relu
17,17,17_0,COMPLETED,Sobol,GenerationStep_0,2.5890069007873535,486.7855529785156,2.5869925022125244,406.22216796875,0.3269837578137716,1.633746075630188,0.11148906499147415,0.10868576914072037,808248.0,3.742467927932739,9724659.0,0.5714636594057083,0.17249579820781946,0.18394959345459938,768,226,138,0.012381630964677818,0.42865558478886834,0.1390362954086427,0.022001935880403972,swish
18,18,18_0,COMPLETED,Sobol,GenerationStep_0,2.303525924682617,433.0635986328125,2.3037185668945312,361.6841735839844,0.32772647937138877,1.6621989766756693,0.09322179108858109,0.09410393983125687,1527348.0,3.77020476659139,18364915.0,0.16483346931636333,0.9815468639135361,0.07471205852925777,750,662,659,3.612984298107799e-07,0.24554984929368145,0.45670838527782187,0.16078372697680987,relu
19,19,19_0,COMPLETED,Sobol,GenerationStep_0,2.3023130893707275,432.8348083496094,2.3022310733795166,361.4515380859375,0.32888356447219846,1.6597596724828085,0.10023722052574158,0.10014237463474274,1137792.0,3.756247289975484,13682163.0,0.5340015338733792,0.12125538941472769,0.8946892321109772,889,472,44,0.009183831374394786,0.2731666324045896,0.9680701670642191,0.18477059157196513,swish
20,20,20_0,COMPLETED,Sobol,GenerationStep_0,2.3020894527435303,432.7924499511719,2.3021388053894043,361.4360046386719,0.33208221991856895,1.6562634030977885,0.10023722052574158,0.10014237463474274,997238.0,3.812630867958069,11995699.0,0.5864291340112686,0.8506194716319442,0.47286390513181686,659,538,230,7.648462261280343e-05,0.4449445142267753,0.7023690999610877,0.5334298445585561,leaky_relu
21,21,21_0,COMPLETED,Sobol,GenerationStep_0,2.3134639263153076,434.9161682128906,2.3130006790161133,363.13201904296875,0.3276428461074829,1.6681636452674866,0.10023722052574158,0.10014237463474274,1646802.0,3.802391533056895,19796659.0,0.28221603482961655,0.4612110015004873,0.44525126181542873,923,915,85,8.653988904538022e-07,0.6261296095541018,0.6894945253311249,0.2826005564682182,sigmoid
22,22,22_0,COMPLETED,Sobol,GenerationStep_0,2.3001484870910645,432.4329833984375,2.3001389503479004,361.1160583496094,0.32913827896118164,1.6216893990834553,0.09896141290664673,0.10009945183992386,661868.0,3.8155396382013955,7967091.0,0.5172181809321046,0.3405779032036662,0.839254854246974,588,244,226,2.1921863332717322e-07,0.8222908346752957,0.6869971616164324,0.8525602322497443,leaky_relu
23,23,23_0,COMPLETED,Sobol,GenerationStep_0,2.3008358478546143,432.5548095703125,2.3010919094085693,361.2724609375,0.3311579942703247,1.656245231628418,0.10023722052574158,0.10014237463474274,686210.0,3.8661736369132997,8259379.0,0.7547489441931248,0.0351455332711339,0.41737326234579086,503,462,126,4.514236841012609e-05,0.5343840527512099,0.2709636771681941,0.43181944579200254,sigmoid
24,24,24_0,ABANDONED,Sobol,GenerationStep_0,,,,,,,,,,,,0.23464386817067862,0.5014356095343828,0.9176999144256115,914,664,557,0.06396834988878147,0.7519145910836345,0.8052662147077231,0.9640135193699817,swish
25,25,25_0,COMPLETED,Sobol,GenerationStep_0,2.3023247718811035,432.8373718261719,2.3023016452789307,361.4607238769531,0.3326794703801473,1.6455881039301554,0.10023722052574158,0.10014237463474274,2074086.0,3.856934614976247,24929011.0,0.7039827508851886,0.21302326396107674,0.19683862943202257,962,941,436,1.1039761095262513e-05,0.45461581048487554,0.24686146038386458,0.6491501089463044,relu
26,26,26_0,COMPLETED,BoTorch,GenerationStep_1,0.28697314858436584,54.019248962402344,0.25629085302352905,40.109375,0.3439814964930216,1.6462271372477213,0.9198122620582581,0.9311352372169495,312561.0,3.803163727124532,3768051.0,0.7691313833894279,0.24732893670171008,0.23653748392556892,361,77,20,0.00021527274237533926,0.5975490930222762,0.10000000002614269,6.598060434472246e-12,swish
27,27,27_0,COMPLETED,BoTorch,GenerationStep_1,2.3330540657043457,438.5935363769531,2.3288767337799072,365.6127014160156,0.328756316502889,1.649072321256002,0.10206746309995651,0.10156384110450745,255468.0,3.825650386015574,3081779.0,0.4958282792471657,0.18427555560407438,0.16400728960225647,317,20,20,0.08909083361348076,0.3379169494719409,0.1792700654448539,0.07103911549749252,swish
28,28,28_0,COMPLETED,BoTorch,GenerationStep_1,0.5663725733757019,106.58406066894531,0.5352247357368469,83.91291809082031,0.331462017695109,1.6450847228368124,0.8693416118621826,0.8860888481140137,213660.0,3.8094507455825806,2579507.0,0.6798336073569448,0.2881230172051006,0.5440225402675429,265,20,20,0.00017114302442827064,0.3102248011071561,0.10000000000000005,0.0,leaky_relu
29,29,29_0,COMPLETED,BoTorch,GenerationStep_1,2.301875591278076,432.7521057128906,2.301957607269287,361.4078063964844,0.33102951049804685,1.6451390266418457,0.10023722052574158,0.10014237463474274,386520.0,3.8141850074132284,4656563.0,0.3294549401618762,0.2767955558095518,0.7109852313842081,480,20,20,0.00012331735885013338,0.8860604344295288,0.20536106035195717,0.30843643846327906,relu
30,30,30_0,COMPLETED,BoTorch,GenerationStep_1,2.3020951747894287,432.7965393066406,2.301758289337158,361.3716125488281,0.3332053780555725,1.6692829489707948,0.09964463114738464,0.10014237463474274,167028.0,3.7834566195805865,2019059.0,0.7624997281544387,0.4097959412898388,0.3323799109657217,207,20,20,1.3480627164337212e-05,0.10000000000000035,0.286197628109881,0.21969565351406362,leaky_relu
31,31,31_0,COMPLETED,BoTorch,GenerationStep_1,0.2040230929851532,38.40876770019531,0.18139418959617615,28.398866653442383,0.34124792416890465,1.6969784379005433,0.9342092871665955,0.9429250955581665,246410.0,3.7964923938115436,2975859.0,0.6363651378462528,0.254613693503567,0.17374243626978525,211,211,165,0.00019975297485326838,0.4851005789644772,0.13849131890750604,0.0,swish
32,32,32_0,COMPLETED,BoTorch,GenerationStep_1,2.203155279159546,414.2270812988281,2.204596996307373,346.11663818359375,0.3446426828702291,1.6577760140101114,0.17788274586200714,0.17800921201705933,58557.0,3.8128225485483807,716403.0,0.8589416146048283,0.873823080497042,0.0,67,67,20,0.00017304627470847737,0.18197199421611635,0.9999999899898185,5.035675746313367e-12,relu
33,33,33_0,COMPLETED,BoTorch,GenerationStep_1,1.0087993144989014,189.76417541503906,0.9858635663986206,154.71934509277344,0.327100133895874,1.644654063383738,0.7032938003540039,0.7207104563713074,16680.0,3.794346614678701,212915.0,0.7828317707483391,0.40298053801882544,0.06836723893928431,20,20,20,0.00019124576503204592,0.10000000000000005,0.1,5.892494130518241e-16,leaky_relu
34,34,34_0,COMPLETED,BoTorch,GenerationStep_1,2.3009514808654785,432.5779113769531,2.3011858463287354,361.2882995605469,0.3222222248713175,1.6278140981992086,0.10023722052574158,0.10014237463474274,130376.0,3.740633436044057,1579955.0,1.0,0.6215042225773165,0.47420164598737286,144,76,76,0.00026001772591025706,0.1,0.99999999,0.0,sigmoid
35,35,35_0,COMPLETED,BoTorch,GenerationStep_1,2.3007121086120605,432.53179931640625,2.3011438846588135,361.2814025878906,0.32258917490641276,1.6205352385838827,0.10023722052574158,0.10014237463474274,16680.0,3.7384143034617106,212915.0,1.0,0.8881705965784655,0.29842342212858713,20,20,20,0.0001408391941830298,0.43857067907808783,0.21568348175814447,0.0,sigmoid
36,36,36_0,COMPLETED,BoTorch,GenerationStep_1,0.7886168360710144,148.3472442626953,0.7628605365753174,119.66007232666016,0.32178927659988404,1.6140156666437784,0.7702202200889587,0.7733660936355591,66199.0,3.7446441928545635,808371.0,0.7494889709237341,0.7180251974180448,0.3015299935088769,76,49,49,0.0002071624570404562,0.393531688248145,0.25590995354482926,1.4149635880861167e-16,swish
37,37,37_0,COMPLETED,BoTorch,GenerationStep_1,2.3352227210998535,439.0298156738281,2.3323652744293213,366.1994934082031,0.31968743006388345,1.6372366031010945,0.10023722052574158,0.10014237463474274,16680.0,3.7416689872741697,212915.0,0.9999999999999964,0.743651841737322,0.378400433526746,20,20,20,1.075400940270945e-08,0.1,0.31465371198315356,0.0,sigmoid
38,38,38_0,COMPLETED,BoTorch,GenerationStep_1,0.6710130572319031,126.2389144897461,0.6312389969825745,98.97588348388672,0.3245404640833537,1.6363152066866558,0.8836288452148438,0.8942914009094238,568224.0,3.727307911713918,6839603.0,0.6438003158824691,0.11970877147861445,0.7953109670108057,706,20,20,0.00024088006588309348,0.12582725388016447,0.10000000000000427,0.0,swish
39,39,39_0,COMPLETED,BoTorch,GenerationStep_1,2.2998976707458496,432.3794250488281,2.300379753112793,361.1614685058594,0.3195610324541728,1.6160942475001017,0.10023722052574158,0.10014237463474274,16680.0,3.7624952594439187,212915.0,0.8279695789256104,0.7911861456797974,0.9706121071088738,20,20,20,0.0003411376683394811,0.1,0.1,0.0,swish
40,40,40_0,COMPLETED,BoTorch,GenerationStep_1,0.8969850540161133,168.70431518554688,0.8758612275123596,137.40435791015625,0.319286056359609,1.6372773845990498,0.7539401650428772,0.7661441564559937,16680.0,3.7109291553497314,212915.0,0.63167814007265,0.48744894875783956,0.29997984220501084,20,20,20,0.00021576077474187228,0.3296375433970276,0.2296832953174515,0.0,swish
41,41,41_0,COMPLETED,BoTorch,GenerationStep_1,0.4509279429912567,84.88082122802734,0.4243069887161255,66.55621337890625,0.3188919345537821,1.6349761724472045,0.8674389719963074,0.8739063739776611,16680.0,3.733686045805613,212915.0,0.3905802114085315,0.0,0.3848760067733969,20,20,20,0.00017029485431635847,0.2415585124308935,0.1,0.0,swish
42,42,42_0,COMPLETED,BoTorch,GenerationStep_1,0.46936750411987305,88.37617492675781,0.4380403757095337,68.68898010253906,0.3220295667648315,1.6413220286369323,0.8778235912322998,0.8922643661499023,88236.0,3.7075028300285338,1072499.0,0.5670095353017675,0.37555020639505093,0.2867662540592426,109,20,20,0.00017663294706722336,0.23798609582195102,0.3788079009090456,8.497614294755058e-14,swish
43,43,43_0,COMPLETED,BoTorch,GenerationStep_1,0.7493119239807129,140.9309539794922,0.7246106266975403,113.67626190185547,0.3177536169687907,1.6330293854077658,0.8194336891174316,0.8312216997146606,16680.0,3.732733647028605,212915.0,0.20696229944621627,0.3244986998494205,0.23200790321307613,20,20,20,0.00011825195603099,0.2220312135208914,0.42923440388291023,5.0762447422547674e-14,swish
44,44,44_0,COMPLETED,BoTorch,GenerationStep_1,1.035344123840332,194.7366485595703,1.0101544857025146,158.47946166992188,0.3184387723604838,1.6336112340291342,0.6880000829696655,0.697701632976532,16680.0,3.7296686013539633,212915.0,0.7698157642520539,0.3433287778206158,0.4240050761378405,20,20,20,0.000149675881357764,0.10000000000001996,0.10000000000006898,0.0,swish
45,45,45_0,COMPLETED,BoTorch,GenerationStep_1,0.5909358263015747,111.17955780029297,0.5614979267120361,88.07218170166016,0.3225499153137207,1.6089799722035727,0.8558604121208191,0.8669770359992981,16680.0,3.7221572319666545,212915.0,0.6261684140753623,0.3573117967561827,0.18240267620960382,20,20,20,0.00036486989425598814,0.26419588455259496,0.10000000315644685,7.782076790664984e-10,swish
46,46,46_0,COMPLETED,BoTorch,GenerationStep_1,0.3729812502861023,70.22496795654297,0.34269726276397705,53.723182678222656,0.3189506451288859,1.6281605243682862,0.8958226442337036,0.9066585898399353,27936.0,3.74602392911911,348083.0,0.5658289169951967,0.2614434409971615,0.19771412661103005,34,20,20,0.00045574098148779116,0.1,0.5834981129105792,0.0,swish
47,47,47_0,COMPLETED,BoTorch,GenerationStep_1,0.1970597356557846,37.042694091796875,0.17444585263729095,27.264013290405273,0.31910170714060465,1.6367531538009643,0.9480628967285156,0.9525911211967468,96276.0,3.7474324027697246,1169075.0,0.06688054449616376,0.0994240322146637,0.2968221060679678,119,20,20,0.00037483223286383094,0.21413293625663427,0.1018690551785811,2.475267536596749e-12,swish
48,48,48_0,COMPLETED,BoTorch,GenerationStep_1,0.2570517063140869,48.413002014160156,0.23466286063194275,36.771183013916016,0.32159794569015504,1.6171217719713846,0.921856701374054,0.9284957051277161,16680.0,3.70858545700709,212915.0,0.6351757334204416,5.513198327402318e-12,0.20427446735186588,20,20,20,0.001965929776320994,0.7889117382137713,0.4360592601032099,0.0,swish
49,49,49_0,COMPLETED,BoTorch,GenerationStep_1,0.32098960876464844,60.383487701416016,0.2896968722343445,45.395103454589844,0.354271666208903,1.7844168663024902,0.9032235741615295,0.9160138964653015,16680.0,4.04065127770106,212915.0,0.6369262134908067,0.024257906947507197,0.19370455311317977,20,20,20,0.0005105276231089221,0.7670705351596725,0.3365827557751352,9.548301828413705e-13,swish
50,50,50_0,COMPLETED,BoTorch,GenerationStep_1,0.25636938214302063,48.212154388427734,0.2437666952610016,38.27928161621094,0.32999977668126423,1.6954204082489013,0.9218770265579224,0.927601158618927,16680.0,4.14443887869517,212915.0,0.2124226733610993,0.0,0.22861572738837038,20,20,20,0.0006282286433456683,0.10000000000000366,0.5006477984200548,0.0,swish
51,51,51_0,COMPLETED,BoTorch,GenerationStep_1,2.316403865814209,435.4822998046875,2.3141777515411377,363.33123779296875,0.32544005711873375,1.6459664265314737,0.09964462369680405,0.10014237463474274,16680.0,3.8861632108688355,212915.0,1.0,0.33916163809195266,0.020375155315086733,20,20,20,1e-08,0.1,0.5074659686297269,4.107771607172644e-10,swish
52,52,52_0,COMPLETED,BoTorch,GenerationStep_1,0.2654285430908203,49.92548370361328,0.23442958295345306,36.83857727050781,0.32524149417877196,1.6606227159500122,0.9164754152297974,0.9260932803153992,16680.0,3.8630434036254884,212915.0,0.3289681973182184,0.0,0.21776415728843326,20,20,20,0.0006367482882427385,0.55430132304673,0.41602760263039407,0.0,swish
53,53,53_0,COMPLETED,BoTorch,GenerationStep_1,0.22982242703437805,43.22513961791992,0.21161997318267822,33.234375,0.3268062671025594,1.6678877154986063,0.9288109540939331,0.9384914040565491,16680.0,3.894320778052012,212915.0,0.5067005750849196,0.0,0.21980755427129786,20,20,20,0.0007957238688018627,0.9041641390274355,0.4382184539485884,0.0,swish
54,54,54_0,COMPLETED,BoTorch,GenerationStep_1,0.2684171199798584,50.54679870605469,0.24478450417518616,38.33628463745117,0.3253965576489766,1.6474074443181357,0.9164634346961975,0.9236929416656494,16680.0,3.8840396285057066,212915.0,0.513410088729308,0.0,0.2114535106884024,20,20,20,0.0008245431984353874,0.13018564292612,0.957948760795057,0.0,swish
55,55,55_0,COMPLETED,BoTorch,GenerationStep_1,0.3755033016204834,70.7598876953125,0.3467591404914856,54.37696838378906,0.3222322384516398,1.6559475580851237,0.904325544834137,0.9141718745231628,214464.0,3.8546791513760885,2589107.0,0.2622128011347172,0.44651421564671206,0.4318259412691775,266,20,20,0.000217068126745078,0.1,0.10000000000166272,0.0,swish
56,56,56_0,ABANDONED,BoTorch,GenerationStep_1,,,,,,,,,,,,4.5709862181075556e-14,0.6477176199970657,0.3915066341750456,20,20,20,0.000631051907030482,0.9999999899998584,0.1,1.4043486088831657e-13,swish
57,57,57_0,COMPLETED,BoTorch,GenerationStep_1,2.2991063594818115,432.22991943359375,2.29937744140625,361.00311279296875,0.32235848108927406,1.6595769008000691,0.10023722052574158,0.1004268154501915,16680.0,3.873043970266978,212915.0,0.9999999986508519,0.7365517042380842,0.16928535195050157,20,20,20,0.002179828541356011,0.9999992906745855,0.9999999899999995,1.2782818067343482e-14,swish
58,58,58_0,COMPLETED,BoTorch,GenerationStep_1,0.36874526739120483,69.3474349975586,0.3323076367378235,52.104007720947266,0.33151657581329347,1.6554583748181662,0.8880855441093445,0.9042338132858276,16680.0,3.895027454694112,212915.0,0.5603060560345822,2.298776752450112e-11,0.36619169134372953,20,20,20,0.0008461382512765514,0.3336419139268405,0.23802895779696875,5.745158962920785e-10,leaky_relu
59,59,59_0,COMPLETED,BoTorch,GenerationStep_1,2.3729019165039062,446.0760498046875,2.3731353282928467,372.62042236328125,0.3265503088633219,1.65079714457194,0.10023722052574158,0.10014237463474274,16680.0,3.871981179714203,212915.0,0.5273899381612907,0.0,0.12001313386942807,20,20,20,1.0,0.23184032027654522,0.39435203393448154,0.0,swish
60,60,60_0,COMPLETED,BoTorch,GenerationStep_1,2.2994096279144287,432.2887268066406,2.299809694290161,361.0710754394531,0.32155035734176635,1.662004021803538,0.10023722052574158,0.10014237463474274,16680.0,3.865682884057363,212915.0,0.11709015035170593,1.0,0.0,20,20,20,0.00011759161938000091,0.3918278698315216,0.1,0.0,swish
61,61,61_0,COMPLETED,BoTorch,GenerationStep_1,2.3068830966949463,433.6929016113281,2.3066134452819824,362.13433837890625,0.32498268683751425,1.6697526017824809,0.10023722052574158,0.09943126142024994,16680.0,3.8712719917297362,212915.0,0.999999999990523,0.9269499045587754,0.45067653757736265,20,20,20,2.0341816045329642e-05,0.1,0.10000000003534412,4.289748514756839e-10,relu
62,62,62_0,COMPLETED,BoTorch,GenerationStep_1,0.19210666418075562,36.11913299560547,0.16428156197071075,25.704126358032227,0.3221861441930135,1.6645351886749267,0.9468913674354553,0.9519096612930298,98917.0,3.877860442797343,1201011.0,0.4246951715584958,0.08320991141066522,0.313858749955254,119,39,20,0.00046046940660765296,0.15098136692213132,0.10000000000000804,1.878439708348517e-14,swish
63,63,63_0,COMPLETED,BoTorch,GenerationStep_1,1.5621906518936157,293.69891357421875,1.5455167293548584,242.5769500732422,0.3214513580004374,1.6740476528803507,0.6337541937828064,0.6252888441085815,16680.0,3.870792047182719,212915.0,0.18214691234243244,0.45533408733953046,0.8827693214058973,20,20,20,0.00013469909537552216,0.10000000000000098,0.1,0.0,swish
64,64,64_0,COMPLETED,BoTorch,GenerationStep_1,1.0336570739746094,194.41409301757812,1.0203782320022583,160.09535217285156,0.322573451201121,1.6587674260139464,0.6791481375694275,0.6845498085021973,16680.0,3.864466842015584,212915.0,0.596719350047707,0.573396903486021,0.2663291727943806,20,20,20,0.00021598464962994146,0.1,0.9999999899999212,0.0,swish
65,65,65_0,COMPLETED,BoTorch,GenerationStep_1,0.5390846729278564,101.44769287109375,0.5150231122970581,80.77538299560547,0.3225246906280518,1.6815762519836426,0.8493912816047668,0.8600494861602783,112327.0,3.8671595096588134,1362867.0,0.6359725456433766,0.5098283085371896,0.3065541631879719,124,73,73,0.000522123314730893,0.10000000019104575,0.10000000000734516,4.704240249607609e-11,sigmoid
66,66,66_0,ABANDONED,BoTorch,GenerationStep_1,,,,,,,,,,,,0.6476699213646918,0.519482933568537,0.40687628393939895,344,20,20,0.00029182634750134017,0.9999999899948301,0.1000000000937187,0.0,swish
67,67,67_0,COMPLETED,BoTorch,GenerationStep_1,0.5656155347824097,106.47657775878906,0.5236310362815857,82.11079406738281,0.3265751282374064,1.6456225196520486,0.848553478717804,0.8606931567192078,196776.0,3.8702977458635965,2376755.0,0.6919199476307651,0.5353195740124523,0.31155330829588374,244,20,20,0.0005309504849236477,0.10000000000042714,0.1000000000007782,6.194564398915606e-12,swish
68,68,68_0,COMPLETED,BoTorch,GenerationStep_1,0.30449679493904114,57.3398323059082,0.28343260288238525,44.37097930908203,0.32212740977605187,1.650260595480601,0.906233012676239,0.9164032936096191,16680.0,3.8610394835472106,212915.0,0.673120247625678,0.0,0.1729166866643099,20,20,20,0.0009313679680798844,0.7230139031713726,0.45410866208977757,0.0,swish
69,69,69_0,COMPLETED,BoTorch,GenerationStep_1,1.916700005531311,360.3446044921875,1.9193507432937622,301.3173828125,0.32447065512339274,1.654066018263499,0.37975940108299255,0.37683260440826416,16680.0,3.8835805575052897,212915.0,0.10705106730418858,0.29032439338221144,0.47135662849815146,20,20,20,0.0003347624660350311,0.99999999,0.99999999,0.0,sigmoid
70,70,70_0,COMPLETED,BoTorch,GenerationStep_1,0.39487218856811523,74.30207061767578,0.3675733506679535,57.66739273071289,0.3233116904894511,1.6635571718215942,0.8856180906295776,0.8973824977874756,55272.0,3.868520720799764,676595.0,0.08378196971112013,1.649167954737256e-13,0.38310466165896145,68,20,20,0.00010789742737603676,0.10000000000000359,0.1015192255757541,1.3629513465365468e-13,swish
71,71,71_0,COMPLETED,BoTorch,GenerationStep_1,0.26571670174598694,50.00632095336914,0.23743097484111786,37.166011810302734,0.3260143717130025,1.671342428525289,0.9177185893058777,0.9290407299995422,16680.0,3.847645958264669,212915.0,0.6230999926483609,0.0,0.13120444316163346,20,20,20,0.0011158253944627881,0.6737250784359388,0.44809855412008376,0.0,swish
72,72,72_0,COMPLETED,BoTorch,GenerationStep_1,2.356879472732544,443.1075439453125,2.352142572402954,369.26739501953125,0.32396438121795657,1.6456417282422384,0.10023722052574158,0.10014237463474274,16680.0,3.9320950071016947,212915.0,0.65486181965965,0.5537813535485965,0.16447556474122912,20,20,20,0.000839107040835522,0.9999999393963274,0.1000000000000041,2.3050180370365013e-09,relu
73,73,73_0,COMPLETED,BoTorch,GenerationStep_1,0.4442228674888611,83.61083984375,0.41452285647392273,64.99821472167969,0.3241896470387777,1.656897250811259,0.8661214113235474,0.8813507556915283,16680.0,3.850167373816172,212915.0,0.6255820883085841,0.09576706719898384,0.16087717554701397,20,20,20,0.00022842638879170383,0.23880566036563394,0.13670451640586026,0.0,swish
74,74,74_0,COMPLETED,BoTorch,GenerationStep_1,0.3750179409980774,70.61151885986328,0.3485558331012726,54.71240234375,0.32283181746800743,1.6631495038668314,0.8892142176628113,0.8991931676864624,40756.0,3.8689650098482766,502323.0,0.6067740248427764,0.4247785498321975,0.08388227821287846,46,46,46,0.00021448212248828338,0.4314492401512548,0.1,0.0,swish
75,75,75_0,COMPLETED,BoTorch,GenerationStep_1,1.3784652948379517,259.2178955078125,1.3626646995544434,213.81768798828125,0.3219748377799988,1.6627647598584494,0.6543572545051575,0.662659227848053,242604.0,3.861755398909251,2927219.0,0.6927321105639571,0.7861682880762102,0.0,301,20,20,7.62351783614e-05,0.1,0.1,0.0,swish
76,76,76_0,COMPLETED,BoTorch,GenerationStep_1,2.3554258346557617,442.8658142089844,2.3551580905914307,369.73681640625,0.32240886688232423,1.648212774594625,0.09964463114738464,0.10014237463474274,16680.0,3.8918488184611,212915.0,0.9999999999999998,0.6115851304215009,0.9999999999999997,20,20,20,1e-08,0.10000000000000012,0.10000000000000009,0.9999999899999998,sigmoid
77,77,77_0,COMPLETED,BoTorch,GenerationStep_1,9.584854125976562,1802.14453125,9.578651428222656,1503.9766845703125,0.3234166463216146,1.6809650818506876,0.09964462369680405,0.10014237463474274,16680.0,3.9254456480344135,212915.0,1.0,0.03497119179675767,1.0,20,20,20,0.9999999999300494,0.9999999899789377,0.1,1.9489964410375868e-12,swish
78,78,78_0,COMPLETED,BoTorch,GenerationStep_1,0.6824618577957153,128.39886474609375,0.6575034260749817,103.13239288330078,0.3240131457646688,1.6328046441078186,0.828849196434021,0.8439399600028992,16680.0,3.9114793300628663,212915.0,0.597186042281543,0.4509521378601199,0.07891103916415372,20,20,20,0.0002443069980904687,0.2779314055875425,0.1090975016091549,2.930664849912624e-15,swish
79,79,79_0,COMPLETED,BoTorch,GenerationStep_1,1.0143417119979858,190.76382446289062,0.9906517863273621,155.42202758789062,0.3199733138084412,1.671547238032023,0.7775885462760925,0.7900588512420654,383304.0,3.7832874417304994,4617779.0,0.6773125200459869,0.6839619713067642,0.5410214575681436,476,20,20,0.0001688921099376649,0.10000000087304675,0.10000000347719062,6.839835748583976e-15,swish
80,80,80_0,COMPLETED,BoTorch,GenerationStep_1,0.48102957010269165,90.5970230102539,0.44638052582740784,70.04438781738281,0.3297542055447896,1.6620908776919048,0.8676585555076599,0.8798693418502808,149008.0,3.9527998169263205,1804659.0,0.6482767441348709,0.7042964370513903,0.4824132195466443,139,139,139,0.0001941945658592264,0.13185343433663307,0.10000000000006312,0.0,swish
81,81,81_0,COMPLETED,BoTorch,GenerationStep_1,0.32557985186576843,61.34663391113281,0.2928037941455841,45.914546966552734,0.33315176566441856,1.7049066464106242,0.912791907787323,0.9230479598045349,339888.0,3.8233026107152304,4096115.0,0.31209024675689884,0.17389820953309737,0.48359322312325564,422,20,20,0.00015041986581645542,0.1,0.6746136456219461,0.0,swish
82,82,82_0,COMPLETED,BoTorch,GenerationStep_1,0.19109061360359192,35.988346099853516,0.16717499494552612,26.172224044799805,0.33611057996749877,1.6993507107098897,0.9460193514823914,0.9520469903945923,281576.0,4.418593835830689,3396531.0,0.6294455576286648,0.2955738202108171,0.3631219740714097,317,81,81,0.0002629031592744315,0.3530568418845472,0.10000000000000676,1.191348827331841e-12,swish
83,83,83_0,COMPLETED,BoTorch,GenerationStep_1,2.30222225189209,432.8216247558594,2.3022685050964355,361.45794677734375,0.3557424624760946,1.7858596483866374,0.10023722052574158,0.10014237463474274,133986.0,4.206199010213216,1624435.0,0.6426492716867417,1.0,4.641310925623379e-12,128,128,125,0.0003624316141723061,0.1,0.99999999,2.9577207306113647e-14,sigmoid
84,84,84_0,COMPLETED,BoTorch,GenerationStep_1,2.3168938159942627,435.56036376953125,2.3179023265838623,363.9153747558594,0.3737342437108358,1.743608820438385,0.0996890664100647,0.10014237463474274,16680.0,4.380590832233429,212915.0,1.4560764774157033e-16,1.0,0.0,20,20,20,1e-08,0.1000000000000001,0.9999999899999997,0.99999999,relu
85,85,85_0,COMPLETED,BoTorch,GenerationStep_1,0.7150193452835083,134.46102905273438,0.6680999994277954,104.72765350341797,0.3296628991762797,1.6793796221415203,0.7995582818984985,0.8132790327072144,16680.0,4.063930316766103,212915.0,0.8740099094697732,0.0,0.446709914587047,20,20,20,0.0014331014497710607,0.10000000000020987,0.10000000000053359,0.0,leaky_relu
86,86,86_0,COMPLETED,BoTorch,GenerationStep_1,2.305769205093384,433.4810485839844,2.306713581085205,362.1395568847656,0.3155693054199219,1.6646602074305217,0.10150516033172607,0.10122854262590408,174996.0,3.7832003672917685,2116467.0,1.0,0.5378724251414504,0.0,178,178,20,0.00024325079727502075,0.10000000000441282,0.6121300083510215,0.0,swish
87,87,87_0,ABANDONED,BoTorch,GenerationStep_1,,,,,,,,,,,,0.7158466176476104,0.5250642836685598,0.3047165780086624,20,20,20,0.0014577130035254874,0.9999999899999985,0.10000000000000747,6.768023141332428e-14,leaky_relu
88,88,88_0,COMPLETED,BoTorch,GenerationStep_1,2.0198090076446533,379.7444763183594,2.017686605453491,316.7801513671875,0.32722106377283733,1.6620766043663024,0.3852217197418213,0.38643917441368103,533652.0,3.8153353254000346,6424115.0,0.6716012834411899,0.412928058238254,0.5026668394253847,663,20,20,9.581656804038005e-05,0.99999999,0.4922351713751935,0.0,sigmoid
89,89,89_0,COMPLETED,BoTorch,GenerationStep_1,1.1685404777526855,219.7581787109375,1.1436092853546143,179.42933654785156,0.3233998457590739,1.657533629735311,0.7813866138458252,0.7898585200309753,661488.0,3.9117273688316345,7960115.0,0.770987808150536,0.40433010139207776,0.6692753460076029,822,20,20,5.073749879666559e-05,0.1,0.2839727716654324,1.2981003225305532e-13,swish
90,90,90_0,COMPLETED,BoTorch,GenerationStep_1,1.2104980945587158,227.678466796875,1.1911934614181519,186.90066528320312,0.32143879334131875,1.6624743620554605,0.5805906057357788,0.579793393611908,165496.0,3.8662694017092387,2003379.0,0.7196877597987172,0.7438574393278097,0.4587593284065144,151,151,151,0.00021965615707032198,0.99999999,0.503336595500475,0.0,leaky_relu
91,91,91_0,COMPLETED,BoTorch,GenerationStep_1,0.6323882937431335,119.0105209350586,0.6058740019798279,94.99674987792969,0.3210853099822998,1.7016852974891663,0.8463304042816162,0.8606715798377991,445212.0,3.852532358964284,5361587.0,0.6791390826461366,0.24490670339422743,0.46056506983605633,553,20,20,0.00014799999637468318,0.9999999899593881,0.99999999,4.548019404346874e-10,swish
92,92,92_0,COMPLETED,BoTorch,GenerationStep_1,2.3056647777557373,433.4659118652344,2.3059394359588623,362.0240783691406,0.3350025693575541,1.6517478068669638,0.12180545181035995,0.12169388681650162,16680.0,3.8787422021230062,212915.0,0.5920523648720546,0.3256722346981071,1.0,20,20,20,1.0000000000001759e-08,0.99999999,0.9121243457920574,0.0,swish
93,93,93_0,COMPLETED,BoTorch,GenerationStep_1,2.3236758708953857,436.8578186035156,2.3243587017059326,364.933349609375,0.34897452195485434,1.7422544956207275,0.09959425032138824,0.09993436932563782,606816.0,3.9112350662549336,7303283.0,0.511011956342616,0.41919925018330606,0.39206759030264987,754,20,20,1.0000000000001084e-08,0.1634928388493893,0.10000000000112157,1.6676938614431006e-10,leaky_relu
94,94,94_0,COMPLETED,BoTorch,GenerationStep_1,0.29238632321357727,55.11587142944336,0.2657804489135742,41.6428337097168,0.3385224382082621,1.755924610296885,0.9162998199462891,0.9269124269485474,200266.0,4.020943021774292,2419635.0,0.5229518052151994,0.597052763262439,0.4090783224312636,223,81,81,0.0003241459121746702,0.10000000000000499,0.43845045261869314,1.6395599842743772e-13,swish
95,95,95_0,COMPLETED,BoTorch,GenerationStep_1,0.3973740339279175,74.75650024414062,0.3706945478916168,58.08420944213867,0.33811747630437217,1.7526429732640585,0.9087100625038147,0.9146823287010193,585108.0,4.036478400230408,7042355.0,3.5950382528800306e-14,0.42446838232242623,0.6052997004092351,727,20,20,0.00017703744596348557,0.10000000000004837,0.10000000000003241,2.5893999725103687e-14,swish
96,96,96_0,COMPLETED,BoTorch,GenerationStep_1,2.5753896236419678,484.2620544433594,2.5721611976623535,404.0419921875,0.3173186699549357,1.7470128019650777,0.10198799520730972,0.0960778146982193,16680.0,4.018814249833425,212915.0,1.0,0.2213625378067157,0.0,20,20,20,1.0,0.99999999,0.99999999,0.99999999,leaky_relu
97,97,97_0,COMPLETED,BoTorch,GenerationStep_1,0.2557787299156189,48.16476058959961,0.23620568215847015,36.99277877807617,0.3201073487599691,1.7614462494850158,0.9251194000244141,0.9340376257896423,62176.0,4.02368574142456,760371.0,0.5833607346930814,0.3500648894786299,0.1834719240500253,67,67,67,0.0006093595679198375,0.1000000159109611,0.10000000177067907,4.720205026721852e-10,swish
98,98,98_0,COMPLETED,BoTorch,GenerationStep_1,2.3102128505706787,434.3277282714844,2.3115274906158447,362.90899658203125,0.3153894662857056,1.7601033131281534,0.09964462369680405,0.10014237463474274,16680.0,4.0512259125709535,212915.0,0.9999999999999961,0.8200289462461734,0.9999999999999994,20,20,20,1.000000000000002e-08,0.99999999,0.10000000000000214,3.6340080328312585e-15,swish
99,99,99_0,COMPLETED,BoTorch,GenerationStep_1,0.6363424062728882,119.74120330810547,0.6080155968666077,95.44102478027344,0.31827712456385293,1.7539666732152304,0.8206695318222046,0.8258338570594788,44700.0,4.0280092318852745,550323.0,0.7861284397245686,7.147912362756003e-14,0.6555365113513433,50,50,50,0.001183456800734696,0.10000000000002411,0.7725440224324638,2.5451087309735652e-14,sigmoid
